,chat_id,question,contexts,answer,ground_truth
0,76,어색한 사이 감사의 마음 세련된 스타일 10만어ㅜㄴ대 10만원대 더 고급스런 상품 추천해줘,"['안녕하세요! 선물 추천을 도와드릴게요. 먼저, 선물을 드릴 분과 얼마나 가까운 사이인지 알려주실 수 있을까요? 예를 들어: - 자주 연락하며 마음을 나누는 사이 - 일정한 거리감을 유지하는 사이 - 어색하지만 챙기고 싶은 사이 - 감사한 마음이 드는 사이 어떤 느낌에 가까우신가요?', '감사합니다! 이제 선물을 드릴 때 어떤 감정을 전하고 싶으신지 알려주실 수 있을까요? 예를 들면: - 감사의 마음 - 미안한 마음 - 축하의 마음 - 응원의 마음 어떤 감정이 가장 가까우신가요?', '감사합니다! 이제 선물을 고르실 때 어떤 스타일을 선호하시는지 알려주실 수 있을까요? 예를 들면: - 클래식하고 우아한 스타일 - 모던하고 세련된 스타일 - 귀엽고 아기자기한 스타일 - 실용적이고 심플한 스타일 어떤 스타일이 가장 마음에 드시나요?', '이제 마지막으로, 선물 예산 범위를 알려주실 수 있을까요? 예를 들면: - 1만 원 이하 - 1만 원에서 5만 원 사이 - 5만 원에서 10만 원 사이 - 10만 원 이상 어느 정도를 생각하고 계신가요?', '이해했습니다! 선물 예산 범위를 다시 한번 확인해 주실 수 있을까요? 예를 들면: - 1만 원 이하 - 1만 원에서 5만 원 사이 - 5만 원에서 10만 원 사이 - 10만 원 이상 어느 정도를 생각하고 계신가요?', '죄송합니다. 현재 조건에 맞는 상품을 찾지 못했습니다. 다른 조건이나 예산 범위로 다시 시도해 보시겠어요? 또는 다른 스타일이나 감정을 고려해 보실 수도 있습니다. 도움이 필요하시면 언제든지 말씀해 주세요!']","당신의 감사한 마음이 세련된 스타일로 전해질 수 있도록 준비했어요. [ { ""BRAND"": "", ""NAME"": ""4998149 은퇴 선물 연장만 술잔의 도자기 일본술용 세련된 아리타야키긴사이 반형 감사를 담은 나무상자 포함"", ""PRICE"": 106160, ""IMAGE"": ""https://shopping-phinf.pstatic.net/main_8950732/89507322094.jpg"", ""LINK"": ""https://smartstore.naver.com/main/products/11962811406"", ""REASON"": ""어색한 사이의 지인에게 감사의 마음을 전하기에 적합한 세련된 도자기 술잔 세트입니다."" }, { ""BRAND"": "", ""NAME"": ""퇴직 축하 구이만 오쵸코 도기 일본술용 세련된 아리타산 황제룡 반형 감사를 담은 나무 상자들이 선물"", ""PRICE"": 103800, ""IMAGE"": ""https://shopping-phinf.pstatic.net/main_8923012/89230121745.jpg"", ""LINK"": ""https://smartstore.naver.com/main/products/11685611278"", ""REASON"": ""감사의 마음을 전하기에 적합한 세련된 도자기 술잔 세트로, 특별한 날에 어울립니다."" }, { ""BRAND"": "", ""NAME"": ""뚜껑이 있는 20온스 단열 커피 컵 여행용 머그잔 여성 상사 동료 감사 선물 매니저 팀원 직원 임원 비서"", ""PRICE"": 158060, ""IMAGE"": ""https://shopping-phinf.pstatic.net/main_5528568/55285689065.jpg"", ""LINK"": ""https://www.11st.co.kr/connect/Gateway.tmall?method=XsiteprdNo=8373058376tid=1000000061"", ""REASON"": ""세련된 디자인의 여행용 머그잔으로, 실용적이면서도 감사의 마음을 전할 수 있는 선물입니다."" }, { ""BRAND"": "", ""NAME"": ""4992796 퇴직축하 주기세트 술잔 세트 도기 일본술용 세련된 아리타 야키 도쿠리 1개 술병 2개 주등 감사를 담은 나무상자 포함 선물"", ""PRICE"": 179600, ""IMAGE"": ""https://shopping-phinf.pstatic.net/main_8950872/89508720685.jpg"", ""LINK"": ""https://smartstore.naver.com/main/products/11964209997"", ""REASON"": ""세련된 도자기 주기 세트로, 감사의 마음을 전하기에 적합한 고급스러운 선물입니다."" } ]",어색한 사이에 감사한 마음을 전하고 싶은 상황입니다. 과하지 않으면서도 세련된 분위기를 줄 수 있는 10만원대의 실용적인 소형 가전제품이나 고급 디퓨저 같은 선물이 적합합니다.
1,79,자주 연락하며 마음을 나누는사이 잘 모르겠는데 나쁘지 않은듯 캐주얼한 스타일 부담없는 가격 기분이 좋아요 친구 결혼 선물 5만원대 추천해줘,"['안녕하세요! 선물 추천을 도와드릴게요. 먼저, 선물을 드릴 분과 얼마나 가까운 사이인지 알려주실 수 있을까요? 예를 들어: - 자주 연락하며 마음을 나누는 사이 - 일정한 거리감을 유지하는 사이 - 어색하지만 챙기고 싶은 사이 어떤 느낌에 가까우신가요?', '기분 전환을 위한 선물을 찾고 계시군요! 선물을 받는 분의 **감정**은 어떤지 알려주실 수 있을까요? 예를 들면: - 기분이 좋아요 - 조금 우울해요 - 특별한 감정은 없어요 어떤 감정에 가까우신가요?', '선물을 받는 분의 스타일은 어떤지 알고 싶어요. 예를 들면: - 클래식하고 우아한 스타일 - 캐주얼하고 편안한 스타일 - 트렌디하고 독특한 스타일 어떤 스타일에 가까우신가요?', '선물의 가격대는 어느 정도로 생각하고 계신가요? 예를 들면: - 부담 없는 가격대 - 중간 정도의 가격대 - 특별한 날을 위한 가격대 어떤 가격대에 가까우신가요?', '기분 전환을 위한 선물을 찾고 계시군요! 선물을 받는 분의 **감정**은 어떤지 알려주실 수 있을까요? 예를 들면: - 기분이 좋아요 - 조금 우울해요 - 특별한 감정은 없어요 어떤 감정에 가까우신가요?']","당신의 친구에게 기분 좋은 선물을 준비했어요! [ { ""BRAND"": ""레노마"", ""NAME"": ""레노마 1:1스트라이프타이VGSTR0004BU"", ""PRICE"": 40500, ""IMAGE"": ""https://sitem.ssgcdn.com/47/36/46/item/1000018463647_i1_1200.jpg"", ""LINK"": ""https://www.ssg.com/item/itemView.ssg?itemId=1000018463647siteNo=6009salestrNo=1002"", ""REASON"": ""캐주얼한 스타일을 좋아하는 친구에게 잘 어울리는 세련된 타이로, 부담 없는 가격대의 센스 있는 선물입니다."" }, { ""BRAND"": ""어반드레스"", ""NAME"": ""여자선물 Barbara Chain Shoulder Bag - 4COL"", ""PRICE"": 49000, ""IMAGE"": ""https://img1.kakaocdn.net/thumb/C305x305@2x.q82/?fname=https3A2F2Fst.kakaocdn.net2Fproduct2Fgift2Fproduct2F20241113115023_8f0bea74416344449af74d8df3fad5b7.jpg"", ""LINK"": ""https://gift.kakao.com/product/10636154"", ""REASON"": ""캐주얼한 스타일에 잘 어울리는 체인 숄더백으로, 실용적이면서도 스타일리시한 선물입니다."" }, { ""BRAND"": ""커버낫"", ""NAME"": ""25년신상 [카카오단독/쇼핑백증정] 스몰 어센틱 티셔츠 5종 택1"", ""PRICE"": 32900, ""IMAGE"": ""https://img1.kakaocdn.net/thumb/C305x305@2x.q82/?fname=https3A2F2Fst.kakaocdn.net2Fproduct2Fgift2Fproduct2F20250326110643_6586b1f10f0f4ac290eb4c6c67ebb967.jpg"", ""LINK"": ""https://gift.kakao.com/product/11360219"", ""REASON"": ""캐주얼한 스타일을 좋아하는 친구에게 딱 맞는 티셔츠로, 편안하면서도 멋스러운 선물입니다."" }, { ""BRAND"": ""카시오"", ""NAME"": ""[각인선물] 카시오 메탈 손목 전자 시계 빈티지 남자 여자 커플 A158WA-1D"", ""PRICE"": 35000, ""IMAGE"": ""https://img1.kakaocdn.net/thumb/C305x305@2x.q82/?fname=https3A2F2Fst.kakaocdn.net2Fproduct2Fgift2Fproduct2F5ADV_yTny9Py83mf_MMrIw2FLLlPiRlQv7ACP6wMXWajvMGYb04njjxltP0wEvTr_Hc.jpg"", ""LINK"": ""https://gift.kakao.com/product/10620727"", ""REASON"": ""빈티지한 매력이 돋보이는 시계로, 캐주얼한 스타일을 선호하는 친구에게 특별한 선물이 될 것입니다."" } ]",친구 결혼 선물로 부담스럽지 않지만 센스 있는 선택을 원합니다. 5만원대의 캐주얼하면서도 기분 좋은 분위기를 줄 수 있는 예쁜 머그 세트나 홈카페 용품이 어울립니다.
2,82,어머니 생신 선물 10만원 미만으로 알아서 추천해줘 가까운 사이야 생신 축하의 마음 실용적이고 편안한 스타일 더 고급스런 상품 추천해줘 더 고급스런 상품 추천해줘 7만원 이상으로 보여줘 7만원 이상으로 보여줘 다시 추천해줘 20만원 미만으로 추천해줘 클래식하고 우아한 스타일로 10만원 이상으로 추천해줘 더 고급스런 상품 추천해줘,"['안녕하세요! 선물 추천을 도와드릴게요. 먼저, 어머니와 얼마나 가까운 사이인지 알려주실 수 있을까요? 예를 들어: - 자주 연락하며 마음을 나누는 사이 - 일정한 거리감을 유지하는 사이 - 어색하지만 챙기고 싶은 사이 어떤 느낌에 가까우신가요?', '어머니의 생신 선물을 준비하는 데 도움을 드릴게요. 어머니께 선물을 드릴 때 어떤 감정을 전하고 싶으신가요? 예를 들면: - 감사의 마음 - 사랑과 애정 - 응원과 격려 어떤 감정이 가장 잘 어울릴까요?', '어머니의 생신 선물을 준비하는 데 도움을 드릴게요. 어머니께서 어떤 스타일을 선호하시는지 알려주실 수 있을까요? 예를 들면: - 클래식하고 우아한 스타일 - 실용적이고 편안한 스타일 - 트렌디하고 세련된 스타일 어떤 스타일이 가장 잘 어울릴까요?', '죄송합니다. 현재 조건에 맞는 고급스러운 상품을 찾는 데 어려움이 있습니다. 다른 스타일이나 가격대를 고려해 보시겠어요? 또는 특정한 카테고리나 브랜드를 말씀해 주시면 더 나은 추천을 드릴 수 있습니다.', '죄송합니다. 현재 조건에 맞는 상품을 찾지 못했습니다. 다른 조건으로 다시 시도해보겠습니다.', 'REASON: 디올의 우아한 향수로 어머니께 특별한 생신을 선물하세요. 스와로브스키의 로즈골드 뱅글로 어머니의 손목에 우아함을 더해보세요. 스와로브스키의 목걸이로 어머니께 클래식한 아름다움을 선물하세요. 클래식한 와인잔 세트로 어머니의 특별한 순간을 더욱 빛나게 해보세요.']","어머니의 생신을 축하드리며, 클래식하고 우아한 스타일의 선물을 준비해보았습니다. [ { ""BRAND"": ""디올"", ""NAME"": ""[각인] 미스 디올 블루밍 부케 롤러-펄 오 드 뚜왈렛"", ""PRICE"": 79000, ""IMAGE"": ""https://img1.kakaocdn.net/thumb/C320x320@2x.fwebp.q82/?fname=https3A2F2Fst.kakaocdn.net2Fproduct2Fgift2Fproduct2F20250430032454_372658fd6b6749fab87aee319688a2b5.jpg"", ""LINK"": ""https://gift.kakao.com/product/1181755"", ""REASON"": ""디올의 우아한 향수로 어머니께 특별한 생신을 선물하세요."" }, { ""BRAND"": ""스와로브스키"", ""NAME"": ""[본사정품/쇼핑백증정] Ginger 로즈골드 화이트 뱅글 5274892"", ""PRICE"": 108500, ""IMAGE"": ""https://st.kakaocdn.net/commerce_ui/static/common_module/default_fallback_thumbnail.png"", ""LINK"": ""https://gift.kakao.com/product/8081206"", ""REASON"": ""스와로브스키의 로즈골드 뱅글로 어머니의 손목에 우아함을 더해보세요."" }, { ""BRAND"": ""스와로브스키"", ""NAME"": ""[정상가135,000 / 30할인] Angelic Round 로듐 목걸이 5567931"", ""PRICE"": 94500, ""IMAGE"": ""https://st.kakaocdn.net/commerce_ui/static/common_module/default_fallback_thumbnail.png"", ""LINK"": ""https://gift.kakao.com/product/2098312"", ""REASON"": ""스와로브스키의 목걸이로 어머니께 클래식한 아름다움을 선물하세요."" }, { ""BRAND"": ""Nounou 누누 (리빙)"", ""NAME"": ""NOUNOU Classic Wine Glass Set 누누 와인잔 세트"", ""PRICE"": 55000, ""IMAGE"": ""https://img1.kakaocdn.net/thumb/C320x320@2x.fwebp.q82/?fname=https3A2F2Fst.kakaocdn.net2Fproduct2Fgift2Fproduct2F20240325133639_60ce54975d2242019b8475060d676ef4.jpg"", ""LINK"": ""https://gift.kakao.com/product/7865130?banner_id=867campaign_code=null"", ""REASON"": ""클래식한 와인잔 세트로 어머니의 특별한 순간을 더욱 빛나게 해보세요."" } ]",어머니 생신 선물로 클래식하고 우아한 느낌을 주면서도 10만원 이하의 실용적인 선물을 원합니다. 고급 파자마 세트나 프리미엄 에이징 화장품이 좋겠습니다.
3,83,"일정한 거리감을 유지하는 사이 감사의 마음, 사과의 진심 취향을 모르겠어 부담 없는 가격대의 선물 모르겠어 어떤 취향인지 모르겠어 일정한 거리감을 유지하는 사이 감사와 사과 미니멀리즘","['안녕하세요! 선물 추천을 도와드릴게요. 먼저, 선물을 드릴 분과 얼마나 가까운 사이인지 알려주실 수 있을까요? 예를 들어: - 자주 연락하며 마음을 나누는 사이 - 일정한 거리감을 유지하는 사이 - 어색하지만 챙기고 싶은 사이 어떤 느낌에 가까우신가요?', '감사합니다! 이제 선물을 드릴 때 어떤 감정을 전하고 싶으신지 알려주실 수 있을까요? 예를 들면: - 감사의 마음 - 축하의 기쁨 - 사과의 진심 어떤 감정이 가장 가까우신가요?', '선물 추천을 위해 몇 가지 더 여쭤볼게요. 선물을 드릴 분의 취향을 알고 싶어요. 어떤 스타일을 선호하실까요? 예를 들면: - 클래식하고 우아한 스타일 - 모던하고 심플한 스타일 - 화려하고 독특한 스타일 어떤 스타일이 가장 잘 어울릴까요?', '선물 추천을 위해 마지막으로 하나만 더 여쭤볼게요. 예산 범위를 알고 싶어요. 대략 어느 정도의 가격대를 생각하고 계신가요? 예를 들면: - 부담 없는 작은 선물 - 적당한 가격대의 선물 - 특별한 날을 위한 고급 선물 어느 쪽이 가장 적합할까요?', '선물 추천을 도와드릴 수 있어 기쁩니다! 선물을 드릴 분의 취향을 조금 더 알고 싶어요. 어떤 스타일을 선호하실까요? 예를 들면: - 클래식하고 우아한 스타일 - 모던하고 심플한 스타일 - 화려하고 독특한 스타일 어떤 스타일이 가장 잘 어울릴까요?', '안녕하세요! 선물 추천을 도와드릴게요. 선물을 드릴 분의 취향을 조금 더 알고 싶어요. 어떤 스타일을 선호하실까요? 예를 들면: - 클래식하고 우아한 스타일 - 모던하고 심플한 스타일 - 화려하고 독특한 스타일 어떤 스타일이 가장 잘 어울릴까요?', '안녕하세요! 선물 추천을 도와드릴게요. 먼저, 선물을 드릴 분과 얼마나 가까운 사이인지 알려주실 수 있을까요? 예를 들어: - 자주 연락하며 마음을 나누는 사이 - 일정한 거리감을 유지하는 사이 - 어색하지만 챙기고 싶은 사이 어떤 느낌에 가까우신가요?', '안녕하세요! 선물 추천을 도와드릴게요. 선물을 드릴 때 어떤 감정을 전하고 싶으신가요? 예를 들면: - 감사의 마음 - 사과의 진심 어떤 감정이 가장 잘 맞을까요?', '안녕하세요! 선물 추천을 도와드릴게요. 선물을 드릴 분의 취향을 조금 더 알고 싶어요. 어떤 스타일을 선호하실까요? 예를 들면: - 클래식하고 우아한 스타일 - 모던하고 심플한 스타일 - 화려하고 독특한 스타일 어떤 스타일이 가장 잘 어울릴까요?']","당신의 진심이 전해질 수 있도록 감성과 실용성을 함께 고려했어요. [ { ""BRAND"": ""그래인스쿠키"", ""NAME"": ""[가벼운선물] 감사,축하선물 [그래인스쿠키] 미니라운드 틴케이스세트"", ""PRICE"": 18000, ""IMAGE"": ""https://img1.kakaocdn.net/thumb/C305x305@2x.q82/?fname=https3A2F2Fst.kakaocdn.net2Fproduct2Fgift2Fproduct2F20250205143744_b64f2cf7df4f4543914c82bee3efa107.jpg"", ""LINK"": ""https://gift.kakao.com/product/2513297"", ""REASON"": ""부담 없는 가격대의 미니멀리즘 스타일로 감사와 사과의 마음을 전하기에 적합한 선물입니다."" }, { ""BRAND"": ""시/에세이"", ""NAME"": ""[교보문고] 빛과 실"", ""PRICE"": 16000, ""IMAGE"": ""https://img1.kakaocdn.net/thumb/C320x320@2x.fwebp.q82/?fname=https3A2F2Fst.kakaocdn.net2Fproduct2Fgift2Fproduct2FSXH2IfpuCrG038xLIeitiw2F3R_nHNwFlKWICiACbb_zAhN8BYqeXF7329wV4YFQAjU.jpg"", ""LINK"": ""https://gift.kakao.com/product/11570346?banner_id=867campaign_code=null"", ""REASON"": ""감사와 사과의 진심을 담아 전할 수 있는 감성적인 책 선물입니다."" }, { ""BRAND"": ""더봄"", ""NAME"": ""[더봄/프리저브드플라워] 앤틱안개버튼플라워"", ""PRICE"": 19800, ""IMAGE"": ""https://sitem.ssgcdn.com/87/07/33/item/1000023330787_i1_1200.jpg"", ""LINK"": ""https://www.ssg.com/item/itemView.ssg?itemId=1000023330787siteNo=6009salestrNo=1004"", ""REASON"": ""미니멀리즘 스타일의 프리저브드 플라워로, 오랫동안 감사를 전할 수 있는 선물입니다."" }, { ""BRAND"": ""코튼클라우드"", ""NAME"": ""생일/결혼/집들이/답례품 코튼클라우드 감사타올 선물세트 호텔 수건 3P + 박스포장"", ""PRICE"": 19900, ""IMAGE"": ""https://img1.kakaocdn.net/thumb/C320x320@2x.fwebp.q82/?fname=https3A2F2Fst.kakaocdn.net2Fproduct2Fgift2Fproduct2F20241226102606_cd7dd8b24d164c2285f83712ad19232e.jpg"", ""LINK"": ""https://gift.kakao.com/product/10948200?banner_id=867campaign_code=null"", ""REASON"": ""실용적이면서도 감사의 마음을 전할 수 있는 타올 세트로, 부담 없는 가격대의 선물입니다."" } ]","취향을 모르는, 일정한 거리의 관계에 감사와 사과의 마음을 전하고 싶습니다. 미니멀한 디자인의 다이어리나 무난한 브랜드의 차/커피 세트처럼 누구에게나 어울리는 무난한 아이템이 좋습니다."
4,85,감사하는 느낌 클래식한 사이 5만원대 심플한 스타일 어색한 사이 더 고급스런 상품 추천해줘 더 고급스런 상품 추천해줘 다른상품 추천해줘 다른상품 추천해줘,"['안녕하세요! 선물 추천을 도와드릴게요. 먼저, 선물을 드릴 분과 얼마나 가까운 사이인지 알려주실 수 있을까요? 예를 들어: - 자주 연락하며 마음을 나누는 사이 - 일정한 거리감을 유지하는 사이 - 어색하지만 챙기고 싶은 사이 어떤 느낌에 가까우신가요?', '선물 추천을 도와드릴게요. 선물을 드릴 분의 선호하는 스타일이 있다면 알려주세요. 예를 들면: - 클래식하고 우아한 스타일 - 모던하고 심플한 스타일 - 화려하고 독특한 스타일 어떤 스타일을 선호하실까요?', '선물 추천을 도와드릴게요. 예산 범위를 정해주시면 더 적절한 선물을 추천해드릴 수 있어요. 예를 들면: - 5만 원 이하 - 5만 원에서 10만 원 사이 - 10만 원 이상 어느 정도의 예산을 생각하고 계신가요?', '선물 추천을 도와드릴게요. 선물을 드릴 분의 선호하는 스타일이 있다면 알려주세요. 예를 들면: - 클래식하고 우아한 스타일 - 모던하고 심플한 스타일 - 화려하고 독특한 스타일 어떤 스타일을 선호하실까요?', '선물 추천을 도와드릴게요. 선물을 드릴 분과 얼마나 가까운 사이인지 알려주실 수 있을까요? 예를 들어: - 자주 연락하며 마음을 나누는 사이 - 일정한 거리감을 유지하는 사이 - 어색하지만 챙기고 싶은 사이 어떤 느낌에 가까우신가요?', '고급스러운 느낌의 선물을 찾고 계시군요! 선물 받으실 분의 취향이나 관심사를 조금 더 알려주시면 더욱 맞춤화된 추천을 드릴 수 있습니다. 예를 들어, 어떤 종류의 선물을 고려하고 계신가요? (예: 패션, 전자제품, 홈데코 등)', 'REASON: 어색한 사이의 친구에게 감사의 마음을 전할 수 있는 실용적인 선물입니다. 고급스러운 카드 지갑으로, 심플하면서도 세련된 스타일을 선호하는 분께 적합합니다. 심플한 디자인의 베이비 세트로, 실용적이면서도 따뜻한 마음을 전할 수 있는 선물입니다. 심플하면서도 고급스러운 화병으로, 집안 분위기를 한층 더 세련되게 만들어 줄 수 있습니다.']","당신이 고민하신 감정과 상황을 고려해 선물을 골라봤어요! [ { ""BRAND"": ""설빙"", ""NAME"": ""모바일 금액권 5만원권"", ""PRICE"": 50000, ""IMAGE"": ""https://img1.kakaocdn.net/thumb/C305x305@2x.q82/?fname=https3A2F2Fst.kakaocdn.net2Fproduct2Fgift2Fproduct2F20250401092721_44b5ececfbeb496988a270a62035664d.jpg"", ""LINK"": ""https://gift.kakao.com/product/11212750"", ""REASON"": ""어색한 사이의 친구에게 감사의 마음을 전할 수 있는 실용적인 선물입니다."" }, { ""BRAND"": ""몽블랑"", ""NAME"": ""[공식] 사토리얼 5cc 카드 지갑 130324"", ""PRICE"": 566400, ""IMAGE"": ""https://sitem.ssgcdn.com/71/22/61/item/1000531612271_i1_290.jpg"", ""LINK"": ""https://www.ssg.com/item/itemView.ssg?itemId=1000531612271siteNo=6009salestrNo=1023"", ""REASON"": ""고급스러운 카드 지갑으로, 심플하면서도 세련된 스타일을 선호하는 분께 적합합니다."" }, { ""BRAND"": ""르주르"", ""NAME"": ""[선물 포장]르주르 소프트 베이비 세트"", ""PRICE"": 54000, ""IMAGE"": ""https://img1.kakaocdn.net/thumb/C320x320@2x.fwebp.q82/?fname=https3A2F2Fst.kakaocdn.net2Fproduct2Fgift2Fproduct2F20250102151305_d00e8f56c3bd4a568b07e184e641d7ad.jpg"", ""LINK"": ""https://gift.kakao.com/product/3993042?banner_id=867campaign_code=null"", ""REASON"": ""심플한 디자인의 베이비 세트로, 실용적이면서도 따뜻한 마음을 전할 수 있는 선물입니다."" }, { ""BRAND"": ""오덴세"", ""NAME"": ""오덴세\\\ 시손느 화병(라운드형)\\\ "", ""PRICE"": 65550, ""IMAGE"": ""https://sitem.ssgcdn.com/41/73/97/item/1000520977341_i1_1200.jpg"", ""LINK"": ""https://www.ssg.com/item/itemView.ssg?itemId=1000520977341siteNo=6009salestrNo=1009"", ""REASON"": ""심플하면서도 고급스러운 화병으로, 집안 분위기를 한층 더 세련되게 만들어 줄 수 있습니다."" } ]",감사한 느낌과 클래식한 분위기를 전하고 싶은 5만원대 선물입니다. 무게감 있는 필기구나 클래식한 가죽 카드지갑처럼 실용적이면서도 분위기를 담은 제품이 적합합니다.
5,86,누나한테 줄 ㅅㄴ물이야 연락 안한지 좀 됐어 미안한 마음 심플한 스타일 5만원대,"['안녕하세요! 선물 추천을 도와드릴게요. 먼저, 선물을 드릴 분과 얼마나 가까운 사이인지 알려주실 수 있을까요? 예를 들어: - 자주 연락하며 마음을 나누는 사이 - 일정한 거리감을 유지하는 사이 - 어색하지만 챙기고 싶은 사이 어떤 느낌에 가까우신가요?', '안녕하세요! 선물 추천을 도와드릴게요. 이번에는 선물을 드릴 때 어떤 감정을 전하고 싶으신지 알려주실 수 있을까요? 예를 들면: - 감사의 마음 - 미안한 마음 - 축하의 마음 어떤 감정이 가장 가까우신가요?', '안녕하세요! 선물 추천을 도와드릴게요. 이번에는 선물을 드릴 분의 선호하는 스타일을 알고 싶어요. 예를 들면: - 클래식하고 우아한 스타일 - 모던하고 심플한 스타일 - 화려하고 독특한 스타일 어떤 스타일이 가장 가까우신가요?', '안녕하세요! 선물 추천을 도와드릴게요. 마지막으로, 선물 예산 범위를 알고 싶어요. 예를 들면: - 3만 원 이하 - 5만 원대 - 10만 원 이상 어느 정도를 생각하고 계신가요?', 'REASON: 심플한 스타일의 기프트 카드로, 누나에게 다양한 선택의 자유를 줄 수 있는 실용적인 선물입니다. 달콤한 디저트를 즐길 수 있는 모바일 금액권으로, 누나에게 달콤한 시간을 선물할 수 있습니다. 다양한 외식 선택이 가능한 e기프트카드로, 누나와 함께 즐거운 식사 시간을 보낼 수 있는 기회를 제공합니다. 외식 금액권으로, 누나에게 다양한 외식 경험을 선물할 수 있는 실용적인 선택입니다.']","당신의 진심이 전해질 수 있도록 감성과 실용성을 함께 고려했어요. [ { ""BRAND"": ""스마일콘"", ""NAME"": ""[아트박스] 5만원권"", ""PRICE"": 50000, ""IMAGE"": ""https://shop-phinf.pstatic.net/20250203_33/1738548860353ntkxv_JPEG/72681711494456871_1750773743.jpg?type=m510"", ""LINK"": ""https://shopping.naver.com/gift/products/11423769442?NaPm=ct3Dma1xtqvb7Cci3Dshoppingwindow7Ctr3Dgsh7Chk3Ded645d15faaf8a7be7bb4a18ee2de00b216a92567Ctrx3D"", ""REASON"": ""심플한 스타일의 기프트 카드로, 누나에게 다양한 선택의 자유를 줄 수 있는 실용적인 선물입니다."" }, { ""BRAND"": ""설빙"", ""NAME"": ""모바일 금액권 5만원권"", ""PRICE"": 50000, ""IMAGE"": ""https://img1.kakaocdn.net/thumb/C305x305@2x.q82/?fname=https3A2F2Fst.kakaocdn.net2Fproduct2Fgift2Fproduct2F20250401092721_44b5ececfbeb496988a270a62035664d.jpg"", ""LINK"": ""https://gift.kakao.com/product/11212750"", ""REASON"": ""달콤한 디저트를 즐길 수 있는 모바일 금액권으로, 누나에게 달콤한 시간을 선물할 수 있습니다."" }, { ""BRAND"": ""오봉집"", ""NAME"": ""e기프트카드 5만원권"", ""PRICE"": 50000, ""IMAGE"": ""https://st.kakaocdn.net/commerce_ui/static/common_module/default_fallback_thumbnail.png"", ""LINK"": ""https://gift.kakao.com/product/10492099"", ""REASON"": ""다양한 외식 선택이 가능한 e기프트카드로, 누나와 함께 즐거운 식사 시간을 보낼 수 있는 기회를 제공합니다."" }, { ""BRAND"": ""쿠프마케팅"", ""NAME"": ""[선물하기] 페이즈 기프트 모바일 금액권(외식) 5만원권"", ""PRICE"": 50000, ""IMAGE"": ""https://shop-phinf.pstatic.net/20250227_95/1740661885648YVO6y_JPEG/3651654107523257_1151348216.jpg?type=m510"", ""LINK"": ""https://shopping.naver.com/gift/products/11534179828?NaPm=ct3Dma1yfn687Cci3Dshoppingwindow7Ctr3Dgsh7Chk3Dfd06fbc40c0d71a983e7bb39e0749d0b8908f97e7Ctrx3D"", ""REASON"": ""외식 금액권으로, 누나에게 다양한 외식 경험을 선물할 수 있는 실용적인 선택입니다."" } ]",오랜만에 연락하는 누나에게 미안한 마음을 담고 싶습니다. 5만원대의 심플한 디자인의 핸드크림 세트나 뷰티 소형 디바이스가 좋은 선택입니다.
6,87,연인 선물 10만원대로 추천해줘 사랑과 애정을 듬뿍 담고 싶어요 클래식하고 우아한 스타일 클래식하고 우아한 스타일 더 고급스런 상품 추천해줘 다른 상품 추천해줘,"['안녕하세요! 선물 추천을 도와드릴게요. 먼저, 선물을 드릴 분과 얼마나 가까운 사이인지 알려주실 수 있을까요? 예를 들어: - 자주 연락하며 마음을 나누는 사이 - 일정한 거리감을 유지하는 사이 - 어색하지만 챙기고 싶은 사이 어떤 느낌에 가까우신가요?', '선물을 고르실 때, 어떤 감정을 전하고 싶으신가요? 예를 들면: - 사랑과 애정을 듬뿍 담고 싶어요 - 고마움을 표현하고 싶어요 - 특별한 순간을 함께 기념하고 싶어요 어떤 감정이 가장 가까우신가요?', '선물 받으실 분의 스타일은 어떤지 알 수 있을까요? 예를 들면: - 클래식하고 우아한 스타일 - 모던하고 심플한 스타일 - 화려하고 독특한 스타일 어떤 스타일이 가장 가까우신가요?', '죄송합니다. 적합한 상품을 찾지 못했습니다. 다른 도구를 사용하여 다시 시도하겠습니다.', '죄송합니다. 현재 조건에 맞는 고급스러운 상품을 찾지 못했습니다. 다른 도구를 사용하여 다시 시도해보겠습니다.', 'REASON: 에르메스의 향수는 클래식하고 우아한 스타일을 좋아하는 연인에게 완벽한 선택입니다. 고급스러운 향기로 사랑과 애정을 전할 수 있습니다. 샤넬의 향수는 우아함과 세련미를 동시에 느낄 수 있는 선물로, 연인에게 특별한 순간을 선사할 수 있습니다. 제이에스티나의 클래식 시계는 우아한 스타일을 선호하는 연인에게 어울리는 고급스러운 선물입니다. 몽블랑의 장지갑은 클래식한 디자인과 실용성을 겸비한 선물로, 연인에게 특별한 감동을 줄 수 있습니다.']","당신의 사랑과 애정을 담아 특별한 선물을 준비했어요. [ { ""BRAND"": ""에르메스"", ""NAME"": ""H24 에르브 비브 오 드 퍼퓸 100ml"", ""PRICE"": 214000, ""IMAGE"": ""https://sitem.ssgcdn.com/14/28/39/item/1000583392814_i1_290.jpg"", ""LINK"": ""https://www.ssg.com/item/itemView.ssg?itemId=1000583392814siteNo=6009salestrNo=1004"", ""REASON"": ""에르메스의 향수는 클래식하고 우아한 스타일을 좋아하는 연인에게 완벽한 선택입니다. 고급스러운 향기로 사랑과 애정을 전할 수 있습니다."" }, { ""BRAND"": ""샤넬(향수)"", ""NAME"": ""NEW 샹스 오 스플렌디드 오 드 빠르펭 50ml"", ""PRICE"": 206000, ""IMAGE"": ""https://img1.kakaocdn.net/thumb/C320x320@2x.fwebp.q82/?fname=https3A2F2Fst.kakaocdn.net2Fproduct2Fgift2Fproduct2F20250422145714_0fbbb85615cb47c0b4ce119e4a2566a5.jpg"", ""LINK"": ""https://gift.kakao.com/product/11130488"", ""REASON"": ""샤넬의 향수는 우아함과 세련미를 동시에 느낄 수 있는 선물로, 연인에게 특별한 순간을 선사할 수 있습니다."" }, { ""BRAND"": ""제이에스티나"", ""NAME"": ""TIARA 스퀘어 클래식 시계 2종 택 1"", ""PRICE"": 625100, ""IMAGE"": ""https://sitem.ssgcdn.com/19/11/46/item/1000602461119_i1_290.jpg"", ""LINK"": ""https://www.ssg.com/item/itemView.ssg?itemId=1000602461119siteNo=6004salestrNo=6005"", ""REASON"": ""제이에스티나의 클래식 시계는 우아한 스타일을 선호하는 연인에게 어울리는 고급스러운 선물입니다."" }, { ""BRAND"": ""몽블랑"", ""NAME"": ""[공식] 사토리얼 15cc 장지갑 130320"", ""PRICE"": 410000, ""IMAGE"": ""https://sitem.ssgcdn.com/54/03/78/item/1000531780354_i1_290.jpg"", ""LINK"": ""https://www.ssg.com/item/itemView.ssg?itemId=1000531780354siteNo=6009salestrNo=1023"", ""REASON"": ""몽블랑의 장지갑은 클래식한 디자인과 실용성을 겸비한 선물로, 연인에게 특별한 감동을 줄 수 있습니다."" } ]","사랑을 듬뿍 담고 싶은 연인 선물로, 10만원대의 고급 향수나 맞춤 제작 주얼리 같은 로맨틱한 아이템이 적합합니다."
7,88,자주 연락하는 사이 축하의 기쁨 모던하고 세련된 스타일 5만원 이내 더 고급스런 상품 추천해줘 예,"['안녕하세요! 선물 추천을 도와드릴게요. 먼저, 선물을 드릴 분과 얼마나 가까운 사이인지 알려주실 수 있을까요? 예를 들어: - 자주 연락하며 마음을 나누는 사이 - 일정한 거리감을 유지하는 사이 - 어색하지만 챙기고 싶은 사이 어떤 느낌에 가까우신가요?', '알려주셔서 감사합니다! 이번에는 선물을 드릴 때 어떤 감정을 전하고 싶으신지 궁금해요. 예를 들면: - 감사의 마음 - 축하의 기쁨 - 응원의 메시지 어떤 감정이 가장 잘 어울릴까요?', '알려주셔서 감사합니다! 이번에는 선물의 스타일에 대해 여쭤보고 싶어요. 어떤 스타일을 선호하시는지 말씀해 주실 수 있을까요? 예를 들면: - 클래식하고 우아한 스타일 - 모던하고 세련된 스타일 - 귀엽고 아기자기한 스타일 어떤 스타일이 가장 마음에 드시나요?', '알려주셔서 감사합니다! 마지막으로, 선물의 가격대는 어느 정도로 생각하고 계신가요? 예를 들면: - 부담 없는 가격대 - 중간 정도의 가격대 - 특별한 날을 위한 가격대 어떤 가격대가 적당할까요?', '죄송합니다. 5만원 이내의 고급스러운 상품을 찾는 데 어려움이 있었습니다. 다른 가격대나 스타일로 다시 시도해 보시겠습니까?', '안녕하세요! 선물 추천을 도와드릴게요. 먼저, 선물을 드릴 분과 얼마나 가까운 사이인지 알려주실 수 있을까요? 예를 들어: - 자주 연락하며 마음을 나누는 사이 - 일정한 거리감을 유지하는 사이 - 어색하지만 챙기고 싶은 사이 어떤 느낌에 가까우신가요?']","당신의 축하의 마음을 전할 수 있는 모던하고 세련된 선물을 준비했어요. [ { ""BRAND"": ""시/에세이"", ""NAME"": ""[교보문고] 사랑하고 선량하게 잦아드네"", ""PRICE"": 13300, ""IMAGE"": ""https://img1.kakaocdn.net/thumb/C320x320@2x.fwebp.q82/?fname=https3A2F2Fst.kakaocdn.net2Fproduct2Fgift2Fproduct2FSXH2IfpuCrG038xLIeitiw2FJKyLYwW6_om2LeeuTs9lK85ras2XvJQncOA3xkR1OvQ.jpg"", ""LINK"": ""https://gift.kakao.com/product/10775327?banner_id=867campaign_code=null"", ""REASON"": ""모던한 감성의 책으로 친구에게 지적인 즐거움을 선사할 수 있는 선물입니다."" }, { ""BRAND"": ""어반드레스"", ""NAME"": ""선물추천 [선물포장] Aa Pigment Cap - 5COL"", ""PRICE"": 24900, ""IMAGE"": ""https://img1.kakaocdn.net/thumb/C305x305@2x.q82/?fname=https3A2F2Fst.kakaocdn.net2Fproduct2Fgift2Fproduct2F20250430095626_d7bb60eb95c54c3c9802551b0f4e1d1f.jpg"", ""LINK"": ""https://gift.kakao.com/product/10140166"", ""REASON"": ""세련된 디자인의 모자 선물로 친구의 스타일을 한층 업그레이드할 수 있습니다."" }, { ""BRAND"": ""커버낫"", ""NAME"": ""[선물추천] 어센틱 스몰 로고 볼캡 4종 택1"", ""PRICE"": 19000, ""IMAGE"": ""https://img1.kakaocdn.net/thumb/C305x305@2x.q82/?fname=https3A2F2Fst.kakaocdn.net2Fproduct2Fgift2Fproduct2F20250117092658_f4d6f896544741409efbd76e3eab7299.jpg"", ""LINK"": ""https://gift.kakao.com/product/4084547"", ""REASON"": ""모던한 디자인의 볼캡으로 친구의 일상에 스타일리시한 포인트를 줄 수 있는 선물입니다."" }, { ""BRAND"": ""더 문"", ""NAME"": ""[마음을담은]행운+행운만땅 소소한선물 기분좋은 센스있는 선물 / 행운을주는영롱네잎클로버키링"", ""PRICE"": 4900, ""IMAGE"": ""https://st.kakaocdn.net/commerce_ui/static/common_module/default_fallback_thumbnail.png"", ""LINK"": ""https://gift.kakao.com/product/10576726"", ""REASON"": ""작지만 의미 있는 행운의 네잎클로버 키링으로 친구에게 행운을 전할 수 있는 선물입니다."" } ]",자주 연락하는 사이의 축하 선물로 5만원 이내의 트렌디한 무선 이어폰 케이스나 세련된 디자인의 스마트폰 액세서리가 좋습니다.
8,89,자주 연락 감사의 마음 귀여운 스타일 5만원 이내 다른상품 추천해줘 다른상품 추천해줘 다른상품 추천해줘 다른상품 추천해줘,"['안녕하세요! 선물 추천을 도와드릴게요. 먼저, 선물을 드릴 분과 얼마나 가까운 사이인지 알려주실 수 있을까요? 예를 들어: - 자주 연락하며 마음을 나누는 사이 - 일정한 거리감을 유지하는 사이 - 어색하지만 챙기고 싶은 사이 어떤 느낌에 가까우신가요?', '안녕하세요! 선물 추천을 도와드릴게요. 이번에는 선물을 드릴 때 어떤 감정을 전하고 싶으신지 알려주실 수 있을까요? 예를 들면: - 감사의 마음 - 축하의 기쁨 - 응원의 메시지 어떤 감정이 가장 가까우신가요?', '안녕하세요! 선물 추천을 도와드릴게요. 이번에는 선물의 스타일에 대해 여쭤보고 싶어요. 선물을 받으실 분이 어떤 스타일을 선호하실까요? 예를 들면: - 클래식하고 세련된 스타일 - 캐주얼하고 편안한 스타일 - 트렌디하고 독특한 스타일 어떤 스타일이 가장 잘 어울릴까요?', '안녕하세요! 선물 추천을 도와드릴게요. 마지막으로, 선물 예산 범위를 알고 싶어요. 어느 정도의 가격대를 생각하고 계신가요? 예를 들면: - 부담 없는 가격대 - 중간 정도의 가격대 - 특별한 날을 위한 가격대 어떤 가격대가 적당할까요?']","당신의 감사한 마음을 귀여운 스타일로 전할 수 있는 새로운 선물을 준비했어요. [ { ""BRAND"": "", ""NAME"": ""특이한무드등 귀여운 소녀 심야등 침실 탁상, 아이디어 생일선물 남녀 친구 행복소품"", ""PRICE"": 48480, ""IMAGE"": ""https://shopping-phinf.pstatic.net/main_8347281/83472817106.jpg"", ""LINK"": ""https://smartstore.naver.com/main/products/5928317619"", ""REASON"": ""귀여운 소녀 모양의 무드등으로, 친구의 방을 아늑하게 만들어 줄 수 있는 선물입니다."" }, { ""BRAND"": "", ""NAME"": ""사슴 무드등 귀여운 실리콘 나이트라이트 조명 침실 블루투스 감성 미니 캐릭터 선물 생일 1800mAh 클래식"", ""PRICE"": 46000, ""IMAGE"": ""https://shopping-phinf.pstatic.net/main_8951149/89511499733.jpg"", ""LINK"": ""https://smartstore.naver.com/main/products/11966989045"", ""REASON"": ""사슴 모양의 귀여운 무드등으로, 친구의 침실을 감성적으로 꾸며줄 수 있는 선물입니다."" }, { ""BRAND"": "", ""NAME"": ""귀여운 별 아기 무드등 선물 머리맡 토닥토닥 해소 서재 스탠드 실리콘 스트레스 힐링 침대 침실"", ""PRICE"": 47730, ""IMAGE"": ""https://shopping-phinf.pstatic.net/main_8927711/89277119245.jpg"", ""LINK"": ""https://smartstore.naver.com/main/products/11732608746"", ""REASON"": ""별 모양의 귀여운 무드등으로, 친구에게 편안한 밤을 선사할 수 있는 선물입니다."" }, { ""BRAND"": "", ""NAME"": ""귀여운 별 아기 무드등 침대 스트레스 힐링 서재 침실 스탠드 머리맡 선물 실리콘 해소 토닥토닥"", ""PRICE"": 47720, ""IMAGE"": ""https://shopping-phinf.pstatic.net/main_8927437/89274379352.jpg"", ""LINK"": ""https://smartstore.naver.com/main/products/11729868853"", ""REASON"": ""귀여운 별 모양의 무드등으로, 친구의 스트레스를 해소해 줄 수 있는 선물입니다."" } ]",자주 연락하는 사이의 친구에게 감사의 마음을 전하려는 선물입니다. 5만원 이하의 귀엽고 감각적인 키링이나 굿즈가 잘 어울립니다.
9,90,자주 연락하며 마음을 나누는 사이인 거 같아 애정을 담고 싶어 독특한 스타일인거 같아 3만원 이하로 할게,"['안녕하세요! 선물 추천을 도와드릴게요. 먼저, 선물을 드릴 분과 얼마나 가까운 사이인지 알려주실 수 있을까요? 예를 들어: - 자주 연락하며 마음을 나누는 사이 - 일정한 거리감을 유지하는 사이 - 어색하지만 챙기고 싶은 사이 어떤 느낌에 가까우신가요?', '선물 추천을 위해 몇 가지 더 여쭤볼게요. 이번 선물에 담고 싶은 감정이나 메시지가 있을까요? 예를 들면: - 사랑과 애정 - 감사와 고마움 - 응원과 격려 어떤 감정이 가장 잘 어울릴까요?', '선물 추천을 위해 몇 가지 더 여쭤볼게요. 선물을 드릴 분이 어떤 스타일을 선호하는지 알 수 있을까요? 예를 들면: - 클래식하고 우아한 스타일 - 캐주얼하고 편안한 스타일 - 트렌디하고 독특한 스타일 어떤 스타일이 가장 잘 어울릴까요?', '선물 추천을 위해 마지막으로 하나만 더 여쭤볼게요. 예산 범위를 알려주실 수 있을까요? 예를 들면: - 5만 원 이하 - 5만 원에서 10만 원 사이 - 10만 원 이상 어느 정도가 적당할까요?']","당신의 애정이 담긴 특별한 선물을 준비했어요. [ { ""BRAND"": ""시/에세이"", ""NAME"": ""[교보문고] 사랑하고 선량하게 잦아드네"", ""PRICE"": 13300, ""IMAGE"": ""https://img1.kakaocdn.net/thumb/C320x320@2x.fwebp.q82/?fname=https3A2F2Fst.kakaocdn.net2Fproduct2Fgift2Fproduct2FSXH2IfpuCrG038xLIeitiw2FJKyLYwW6_om2LeeuTs9lK85ras2XvJQncOA3xkR1OvQ.jpg"", ""LINK"": ""https://gift.kakao.com/product/10775327?banner_id=867campaign_code=null"", ""REASON"": ""감성적인 시집으로, 애정 어린 마음을 전할 수 있는 특별한 선물입니다."" }, { ""BRAND"": ""노플라스틱선데이"", ""NAME"": ""걱정도 팔자 최고심 태그미 고심상담소 긍정파워! 모든 걱정 털어놔요 응원/시험/면접/퇴사/이별/걱정 키링 선물"", ""PRICE"": 21000, ""IMAGE"": ""https://st.kakaocdn.net/commerce_ui/static/common_module/default_fallback_thumbnail.png"", ""LINK"": ""https://gift.kakao.com/product/10065297"", ""REASON"": ""긍정적인 메시지를 담은 키링으로, 독특한 스타일을 좋아하는 분께 딱 맞는 선물입니다."" }, { ""BRAND"": ""라미"", ""NAME"": ""[단독각인]제보 XEVO 볼펜"", ""PRICE"": 19000, ""IMAGE"": ""https://img1.kakaocdn.net/thumb/C320x320@2x.fwebp.q82/?fname=https3A2F2Fst.kakaocdn.net2Fproduct2Fgift2Fproduct2F20230622065937_c25955ca966c45bbba9e6a56f30df874.jpg"", ""LINK"": ""https://gift.kakao.com/product/7326089?banner_id=867campaign_code=null"", ""REASON"": ""개인화된 각인이 가능한 볼펜으로, 실용적이면서도 특별한 선물입니다."" }, { ""BRAND"": ""리모네스"", ""NAME"": ""감성 필름 카메라 선물포장set [컬러 / ISO400 / 27장]"", ""PRICE"": 29500, ""IMAGE"": ""https://img1.kakaocdn.net/thumb/C320x320@2x.fwebp.q82/?fname=https3A2F2Fst.kakaocdn.net2Fproduct2Fgift2Fproduct2F20250221172724_b6e9417f92fb46af9cd179c43a4e441f.jpg"", ""LINK"": ""https://gift.kakao.com/product/5568472"", ""REASON"": ""감성적인 필름 카메라로, 특별한 순간을 기록할 수 있는 독특한 선물입니다."" } ]",자주 연락하며 마음을 나누는 친구에게 애정이 담긴 3만원 이하의 독특한 디자인의 에코백이나 키링이 좋습니다.
10,91,자주 연락하는 사이야 취업준비중이라 위로하고 싶어 화려하고 독특한 선물을 하고 싶네 10만원 이하로 부탁해 다른상품 추천해줘,"['안녕하세요! 선물 추천을 도와드릴게요. 먼저, 선물을 드릴 분과 얼마나 가까운 사이인지 알려주실 수 있을까요? 예를 들어: - 자주 연락하며 마음을 나누는 사이 - 일정한 거리감을 유지하는 사이 - 어색하지만 챙기고 싶은 사이 어떤 느낌에 가까우신가요?', '선물 추천을 위해 몇 가지 정보를 더 알고 싶어요. 이번 선물로 어떤 감정을 전하고 싶으신가요? 예를 들면: - 기쁨과 축하 - 감사와 존경 - 위로와 응원 어떤 감정이 가장 잘 어울릴까요?', '선물 추천을 위해 몇 가지 정보를 더 알고 싶어요. 선물의 스타일에 대해 생각해보신 게 있나요? 예를 들면: - 심플하고 모던한 스타일 - 화려하고 독특한 스타일 - 클래식하고 우아한 스타일 어떤 스타일이 가장 마음에 드시나요?', '선물 추천을 위해 몇 가지 정보를 더 알고 싶어요. 이번에는 예산 범위를 알려주실 수 있을까요? 예를 들면: - 5만 원 이하 - 5만 원에서 10만 원 사이 - 10만 원 이상 어느 정도를 생각하고 계신가요?', 'REASON: 화려하고 독특한 부적키링으로 친구에게 행운과 응원의 마음을 전할 수 있습니다. 취업 준비 중인 친구에게 실용적이면서도 세련된 명함지갑으로 응원의 마음을 전할 수 있습니다. 고급스러운 각인 볼펜으로 친구에게 특별한 응원의 메시지를 전할 수 있습니다. 행운을 부르는 액막이로 친구에게 긍정적인 에너지를 전할 수 있는 선물입니다.']","당신의 친구에게 위로와 응원을 전할 수 있는 특별한 선물을 준비했어요. [ { ""BRAND"": ""어프어프"", ""NAME"": ""[수능/응원 선물] 행운의 부적키링 친구 시험 응원 선물"", ""PRICE"": 7000, ""IMAGE"": ""https://img1.kakaocdn.net/thumb/C320x320@2x.fwebp.q82/?fname=https3A2F2Fst.kakaocdn.net2Fproduct2Fgift2Fproduct2F20240909110049_aee3af93e660489385b95a35877d1175.jpg"", ""LINK"": ""https://gift.kakao.com/product/8082385"", ""REASON"": ""화려하고 독특한 부적키링으로 친구에게 행운과 응원의 마음을 전할 수 있습니다."" }, { ""BRAND"": ""오롬"", ""NAME"": ""명함지갑 명함케이스 카드지갑 취업선물 이직선물 남성 남자 여성 여자"", ""PRICE"": 32000, ""IMAGE"": ""https://img1.kakaocdn.net/thumb/C320x320@2x.fwebp.q82/?fname=https3A2F2Fst.kakaocdn.net2Fproduct2Fgift2Fproduct2F20240715112853_8c4bef4b0dec42bb88ebdb3c122bd9bd.jpg"", ""LINK"": ""https://gift.kakao.com/product/9849603?banner_id=867campaign_code=null"", ""REASON"": ""취업 준비 중인 친구에게 실용적이면서도 세련된 명함지갑으로 응원의 마음을 전할 수 있습니다."" }, { ""BRAND"": ""라미"", ""NAME"": ""[각인선물] 라미 볼펜 사파리 딜라이트(3색상)"", ""PRICE"": 31000, ""IMAGE"": ""https://img1.kakaocdn.net/thumb/C320x320@2x.fwebp.q82/?fname=https3A2F2Fst.kakaocdn.net2Fproduct2Fgift2Fproduct2F20250228094145_6f44ae8ecc754a38bac55d60a52b18d0.jpg"", ""LINK"": ""https://gift.kakao.com/product/11249199?banner_id=867campaign_code=null"", ""REASON"": ""고급스러운 각인 볼펜으로 친구에게 특별한 응원의 메시지를 전할 수 있습니다."" }, { ""BRAND"": ""소프트블랑"", ""NAME"": ""[개업집들이 선물!] 좋은 일을 부르는 행운 액막이 명태 소프트블랑_소"", ""PRICE"": 19500, ""IMAGE"": ""https://img1.kakaocdn.net/thumb/C320x320@2x.fwebp.q82/?fname=https3A2F2Fst.kakaocdn.net2Fproduct2Fgift2Fproduct2F20250317093056_d1ee40814ca24138a97c0cf1fb6b265a.jpg"", ""LINK"": ""https://gift.kakao.com/product/5491896?banner_id=867campaign_code=null"", ""REASON"": ""행운을 부르는 액막이로 친구에게 긍정적인 에너지를 전할 수 있는 선물입니다."" } ]","위로의 마음을 담은 친구 선물로, 10만원 이하의 감성적인 무드등이나 위트 있는 데스크 소품이 적합합니다."
11,97,많이 가까움 퉁퉁퉁퉁퉁퉁퉁퉁퉁사후르 향수 자주 보고싶은 마음 2000만원 대 헤어져 애인 선물 추천 섹시한 스타일,"['안녕하세요! 선물 추천을 도와드릴게요. 먼저, 선물을 드릴 분과 얼마나 가까운 사이인지 알려주실 수 있을까요? 예를 들어: - 자주 연락하며 마음을 나누는 사이 - 일정한 거리감을 유지하는 사이 - 어색하지만 챙기고 싶은 사이 어떤 느낌에 가까우신가요?', '안녕하세요! 선물 추천을 도와드릴게요. 이번에는 선물을 받으실 분의 스타일을 알고 싶어요. 어떤 스타일을 선호하시는지 예를 들어 말씀해 주실 수 있을까요? 예를 들면: - 클래식하고 우아한 스타일 - 모던하고 심플한 스타일 - 화려하고 독특한 스타일 어떤 스타일이 가장 잘 어울릴까요?', '죄송하지만 입력하신 내용이 이해하기 어려워 선물 추천을 도와드리기 어렵습니다. 선물 추천을 원하신다면, 구체적인 브랜드나 제품, 혹은 선물 받는 분의 취향이나 관심사를 알려주시면 감사하겠습니다. 어떤 종류의 선물을 찾고 계신가요?', '안녕하세요! 선물 추천을 도와드릴게요. 이번에는 선물을 받으실 분에게 어떤 감정을 전하고 싶으신지 알고 싶어요. 예를 들어: - 사랑과 애정을 표현하고 싶어요 - 감사의 마음을 전하고 싶어요 - 특별한 순간을 축하하고 싶어요 어떤 감정이 가장 잘 맞을까요?', '안녕하세요! 선물 추천을 도와드릴게요. 이번에는 선물의 가격대를 알고 싶어요. 어느 정도의 가격대를 고려하고 계신가요? 예를 들면: - 부담 없는 가격대 - 중간 정도의 가격대 - 특별한 날을 위한 고급스러운 가격대 어떤 가격대가 적당할까요?', '안녕하세요! 선물 추천을 도와드릴게요. 이번에는 선물을 받으실 분의 스타일을 알고 싶어요. 어떤 스타일을 선호하시는지 예를 들어 말씀해 주실 수 있을까요? 예를 들면: - 클래식하고 우아한 스타일 - 모던하고 심플한 스타일 - 화려하고 독특한 스타일 어떤 스타일이 가장 잘 어울릴까요?', '죄송하지만, 입력하신 내용은 선물 추천과 관련이 없는 것 같습니다. 선물 추천을 원하신다면, 구체적으로 어떤 상황이나 대상에게 줄 선물을 찾고 계신지 말씀해 주시면 감사하겠습니다. 예를 들어, ""친구 생일 선물 추천해줘""와 같이 입력해 주세요.', '안녕하세요! 선물 추천을 도와드릴게요. 이번에는 선물을 받으실 분의 스타일을 알고 싶어요. 어떤 스타일을 선호하시는지 예를 들어 말씀해 주실 수 있을까요? 예를 들면: - 클래식하고 우아한 스타일 - 모던하고 심플한 스타일 - 화려하고 독특한 스타일 어떤 스타일이 가장 잘 어울릴까요?', 'REASON: 자주 보고 싶은 마음을 전하고 싶은 연인에게 섹시한 스타일의 향수로 감동을 줄 수 있는 선물입니다. 섹시한 스타일을 좋아하는 연인에게 어울리는 향수로, 자주 보고 싶은 마음을 전할 수 있습니다. 특별한 날을 위한 고급스러운 향수 세트로, 연인에게 감동을 줄 수 있는 선물입니다. 섹시한 스타일을 좋아하는 연인에게 어울리는 고체향수로, 자주 보고 싶은 마음을 전할 수 있습니다.']","당신의 진심이 전해질 수 있도록 감성과 실용성을 함께 고려했어요. [ { ""BRAND"": ""에르메스"", ""NAME"": ""H24 에르브 비브 오 드 퍼퓸 100ml"", ""PRICE"": 214000, ""IMAGE"": ""https://sitem.ssgcdn.com/14/28/39/item/1000583392814_i1_290.jpg"", ""LINK"": ""https://www.ssg.com/item/itemView.ssg?itemId=1000583392814siteNo=6009salestrNo=1004"", ""REASON"": ""자주 보고 싶은 마음을 전하고 싶은 연인에게 섹시한 스타일의 향수로 감동을 줄 수 있는 선물입니다."" }, { ""BRAND"": ""샤넬(향수)"", ""NAME"": ""NEW 샹스 오 스플렌디드 오 드 빠르펭 50ml"", ""PRICE"": 206000, ""IMAGE"": ""https://img1.kakaocdn.net/thumb/C320x320@2x.fwebp.q82/?fname=https3A2F2Fst.kakaocdn.net2Fproduct2Fgift2Fproduct2F20250422145714_0fbbb85615cb47c0b4ce119e4a2566a5.jpg"", ""LINK"": ""https://gift.kakao.com/product/11130488"", ""REASON"": ""섹시한 스타일을 좋아하는 연인에게 어울리는 향수로, 자주 보고 싶은 마음을 전할 수 있습니다."" }, { ""BRAND"": ""프라다(뷰티)"", ""NAME"": ""[리미티드 선물세트] 패러독스 오 드 빠르펭 디스커버리 7ML 듀오"", ""PRICE"": 52000, ""IMAGE"": ""https://img1.kakaocdn.net/thumb/C320x320@2x.fwebp.q82/?fname=https3A2F2Fst.kakaocdn.net2Fproduct2Fgift2Fproduct2F20250430084340_38b34eb82f194cf8801b20bc556febea.jpg"", ""LINK"": ""https://gift.kakao.com/product/11565745"", ""REASON"": ""특별한 날을 위한 고급스러운 향수 세트로, 연인에게 감동을 줄 수 있는 선물입니다."" }, { ""BRAND"": ""탬버린즈"", ""NAME"": ""[선물포장/퍼퓸 오브제 증정] 퍼퓸 밤 고체향수 (택1)"", ""PRICE"": 46500, ""IMAGE"": ""https://sitem.ssgcdn.com/69/53/58/item/1000524585369_i1_290.jpg"", ""LINK"": ""https://www.ssg.com/item/itemView.ssg?itemId=1000524585369siteNo=6009salestrNo=1004"", ""REASON"": ""섹시한 스타일을 좋아하는 연인에게 어울리는 고체향수로, 자주 보고 싶은 마음을 전할 수 있습니다."" } ]","복잡한 감정이 담긴 헤어진 애인에게 줄 2000만원대 향수는 비현실적이지만, 유머 감각을 녹인 메시지가 포함된 장난스러운 아이템이 적절할 수 있습니다."
12,98,아내야. 엄청 가까운 사이라고 할 수 있지 올해 결혼을 해서 결혼 이후 처음 맞이하는 생일이야. 고마운 마음을 더 표현하고 싶어 클래식하고 우아한 스타일을 선호해 금액은 대략 500만원 이하면 괜찮아. 조금 더 고급스러운 선물을 해주고 싶어,"['안녕하세요! 선물 추천을 도와드릴게요. 먼저, 선물을 드릴 분과 얼마나 가까운 사이인지 알려주실 수 있을까요? 예를 들어: - 자주 연락하며 마음을 나누는 사이 - 일정한 거리감을 유지하는 사이 - 어색하지만 챙기고 싶은 사이 어떤 느낌에 가까우신가요?', '아내분의 생일을 축하드려요! 이번에는 선물을 통해 어떤 감정을 전하고 싶으신지 알려주실 수 있을까요? 예를 들면: - 사랑과 감사를 전하고 싶어요 - 특별한 날을 더욱 특별하게 만들고 싶어요 - 일상에 작은 행복을 더하고 싶어요 어떤 감정이 가장 가까우신가요?', '아내분의 생일을 특별하게 준비하고 계시군요! 이번에는 아내분이 어떤 스타일을 선호하시는지 알려주실 수 있을까요? 예를 들면: - 클래식하고 우아한 스타일 - 모던하고 심플한 스타일 - 화려하고 독특한 스타일 어떤 스타일이 가장 잘 어울릴까요?', '아내분을 위한 특별한 선물을 준비하고 계시군요! 마지막으로, 선물 예산 범위를 알려주실 수 있을까요? 예를 들면: - 5만 원 이하 - 5만 원에서 10만 원 사이 - 10만 원 이상 어느 정도를 생각하고 계신가요?']","아내분의 생일을 특별하게 만들어줄 클래식하고 우아한 선물을 준비했어요. [ { ""BRAND"": ""미니골드"", ""NAME"": ""어버이날 선물 [단독] 품격있는 감사선물 24K 순금 골드바 1g 선물 기프트"", ""PRICE"": 195000, ""IMAGE"": ""https://img1.kakaocdn.net/thumb/C305x305@2x.q82/?fname=https3A2F2Fst.kakaocdn.net2Fproduct2Fgift2Fproduct2F20250507091228_c7cee0be137146628a0b1150acbc0592.png"", ""LINK"": ""https://gift.kakao.com/product/2434642"", ""REASON"": ""고급스러운 순금 골드바로 아내분께 품격 있는 감사를 전할 수 있는 선물입니다."" }, { ""BRAND"": ""생로랑"", ""NAME"": ""[명품] 마틀라세 카드지갑 금장 423291 BOW01 1000"", ""PRICE"": 670000, ""IMAGE"": ""https://sitem.ssgcdn.com/12/33/61/item/1000411613312_i1_290.jpg"", ""LINK"": ""https://www.ssg.com/item/itemView.ssg?itemId=1000411613312siteNo=6004salestrNo=6005"", ""REASON"": ""명품 카드지갑으로 클래식하고 우아한 스타일을 선호하는 아내분께 잘 어울리는 선물입니다."" }, { ""BRAND"": ""제이에스티나"", ""NAME"": ""TIARA 스퀘어 클래식 시계 2종 택 1"", ""PRICE"": 625100, ""IMAGE"": ""https://sitem.ssgcdn.com/19/11/46/item/1000602461119_i1_290.jpg"", ""LINK"": ""https://www.ssg.com/item/itemView.ssg?itemId=1000602461119siteNo=6004salestrNo=6005"", ""REASON"": ""클래식한 디자인의 시계로 아내분의 우아한 스타일을 더욱 돋보이게 해줄 선물입니다."" }, { ""BRAND"": ""타이니앤코"", ""NAME"": ""[1g 타이니앤코] 순금 24K 금수저/금포크 골드바 아기 백일 첫돌반지"", ""PRICE"": 194200, ""IMAGE"": ""https://img1.kakaocdn.net/thumb/C320x320@2x.fwebp.q82/?fname=https3A2F2Fst.kakaocdn.net2Fproduct2Fgift2Fproduct2F20230117110723_bbdb2bdfbc834290acfb16a746b39874.jpg"", ""LINK"": ""https://gift.kakao.com/product/6433201"", ""REASON"": ""순금으로 제작된 고급스러운 아이템으로, 아내분께 특별한 의미를 더해줄 수 있는 선물입니다."" } ]","결혼 이후 처음 맞는 아내의 생일, 깊은 사랑과 감사를 담아 500만원 이하의 고급 주얼리나 디자이너 브랜드의 가방 같은 프리미엄 선물이 적합합니다."
13,99,자주 연락하며 마음을 나누는 사이야 사랑을 전해주고 싶어 캐주얼하고 편안한 스타일 두번째로 제안해줘 고마워 선물 말고 잘생긴 남자 골라줘,"['안녕하세요! 선물 추천을 도와드릴게요. 먼저, 선물을 드릴 분과 얼마나 가까운 사이인지 알려주실 수 있을까요? 예를 들어: - 자주 연락하며 마음을 나누는 사이 - 일정한 거리감을 유지하는 사이 - 어색하지만 챙기고 싶은 사이 어떤 느낌에 가까우신가요?', '기념일을 맞아 특별한 선물을 준비하고 계시군요! 이번 선물에 담고 싶은 감정이나 메시지가 있다면 알려주세요. 예를 들면: - 사랑과 감사를 전하고 싶어요 - 특별한 추억을 만들고 싶어요 - 소중함을 느끼게 해주고 싶어요 어떤 감정이 가장 가까우신가요?', '선물에 담고 싶은 감정을 잘 전달해주셨네요! 이번에는 선물의 스타일에 대해 여쭤볼게요. 선물 받는 분이 어떤 스타일을 선호하는지 알려주실 수 있을까요? 예를 들면: - 클래식하고 세련된 스타일 - 캐주얼하고 편안한 스타일 - 트렌디하고 독특한 스타일 어떤 스타일이 가장 잘 어울릴까요?', '선물의 스타일을 잘 선택하셨네요! 이제 마지막으로, 선물 예산 범위를 알려주실 수 있을까요? 예를 들면: - 5만 원 이하 - 5만 원에서 10만 원 사이 - 10만 원 이상 어느 정도를 생각하고 계신가요?', '죄송하지만, 현재 입력하신 내용은 선물 추천과 관련이 없는 것 같습니다. 선물 추천을 원하신다면, 구체적으로 어떤 상황이나 대상에게 줄 선물을 찾고 계신지 말씀해 주시면 감사하겠습니다. 예를 들어, ""30대 남성을 위한 생일 선물 추천해줘""와 같이 입력해 주세요. 도움이 필요하시면 언제든지 말씀해 주세요!', '죄송하지만, 요청하신 내용은 선물 추천과 관련이 없습니다. 선물 추천을 원하신다면, 어떤 종류의 선물을 찾고 계신지 구체적으로 말씀해 주시면 도움이 될 것 같습니다. 예를 들어, ""친구에게 줄 생일 선물 추천해줘""와 같이 말씀해 주세요. 어떤 선물을 찾고 계신가요?', 'REASON: 사랑의 감정을 담은 시집으로, 연인에게 따뜻한 마음을 전할 수 있는 선물입니다. 달콤한 쿠키와 함께하는 꽃 선물로, 사랑하는 사람에게 기쁨을 줄 수 있는 세트입니다. 연인과 함께 달콤한 디저트를 즐길 수 있는 기회로, 함께하는 시간을 더욱 특별하게 만들어 줄 선물입니다. 실용적인 남성 케어 세트로, 연인의 피부를 건강하게 관리할 수 있는 선물입니다.']","당신의 사랑을 전할 수 있는 특별한 선물을 준비했어요. [ { ""BRAND"": ""시/에세이"", ""NAME"": ""[교보문고] 사랑하고 선량하게 잦아드네"", ""PRICE"": 13300, ""IMAGE"": ""https://img1.kakaocdn.net/thumb/C320x320@2x.fwebp.q82/?fname=https3A2F2Fst.kakaocdn.net2Fproduct2Fgift2Fproduct2FSXH2IfpuCrG038xLIeitiw2FJKyLYwW6_om2LeeuTs9lK85ras2XvJQncOA3xkR1OvQ.jpg"", ""LINK"": ""https://gift.kakao.com/product/10775327?banner_id=867campaign_code=null"", ""REASON"": ""사랑의 감정을 담은 시집으로, 연인에게 따뜻한 마음을 전할 수 있는 선물입니다."" }, { ""BRAND"": ""유어버스데이"", ""NAME"": ""행복한 마음 카네이션 + 콜드브루 쿠키세트 가정의달 꽃배달 꽃배송"", ""PRICE"": 49000, ""IMAGE"": ""https://img1.kakaocdn.net/thumb/C320x320@2x.fwebp.q82/?fname=https3A2F2Fst.kakaocdn.net2Fproduct2Fgift2Fproduct2F20250501185623_17dcee831c6f49749e2dcfe05a8b6e2c.png"", ""LINK"": ""https://gift.kakao.com/product/6968375?banner_id=867campaign_code=null"", ""REASON"": ""달콤한 쿠키와 함께하는 꽃 선물로, 사랑하는 사람에게 기쁨을 줄 수 있는 세트입니다."" }, { ""BRAND"": ""설빙"", ""NAME"": ""모바일 금액권 5만원권"", ""PRICE"": 50000, ""IMAGE"": ""https://img1.kakaocdn.net/thumb/C305x305@2x.q82/?fname=https3A2F2Fst.kakaocdn.net2Fproduct2Fgift2Fproduct2F20250401092721_44b5ececfbeb496988a270a62035664d.jpg"", ""LINK"": ""https://gift.kakao.com/product/11212750"", ""REASON"": ""연인과 함께 달콤한 디저트를 즐길 수 있는 기회로, 함께하는 시간을 더욱 특별하게 만들어 줄 선물입니다."" }, { ""BRAND"": ""우르오스"", ""NAME"": ""[남친 남자 선물] 우르오스 남성 올인원 페이스바디 케어 세트"", ""PRICE"": 29900, ""IMAGE"": ""https://img1.kakaocdn.net/thumb/C320x320@2x.fwebp.q82/?fname=https3A2F2Fst.kakaocdn.net2Fproduct2Fgift2Fproduct2F20250214101315_649f43b86175431e9e48572f2d04243d.jpg"", ""LINK"": ""https://gift.kakao.com/product/11114293"", ""REASON"": ""실용적인 남성 케어 세트로, 연인의 피부를 건강하게 관리할 수 있는 선물입니다."" } ]",사랑을 전하고 싶지만 유쾌한 반전이 있는 요청입니다. 선물 대신 ‘이상형 월드컵’ 형태의 이벤트나 맞춤형 기프트 카드가 좋겠습니다.
14,100,좋은 사이 댄디한 스타일 응원의 메시지 30만원,"['안녕하세요! 선물 추천을 도와드릴게요. 먼저, 선물을 드릴 분과 얼마나 가까운 사이인지 알려주실 수 있을까요? 예를 들어: - 자주 연락하며 마음을 나누는 사이 - 일정한 거리감을 유지하는 사이 - 어색하지만 챙기고 싶은 사이 어떤 느낌에 가까우신가요?', '선물 추천을 도와드릴게요. 이번에는 선물을 받으실 분의 스타일을 알고 싶어요. 어떤 스타일을 선호하시는지 예를 들어 말씀해 주실 수 있을까요? 예를 들면: - 클래식하고 세련된 스타일 - 캐주얼하고 편안한 스타일 - 트렌디하고 독특한 스타일 어떤 스타일이 가장 잘 어울릴까요?', '선물 추천을 도와드릴게요. 이번에는 선물을 받으실 분에게 어떤 감정을 전하고 싶으신지 궁금해요. 예를 들면: - 감사의 마음 - 축하의 기쁨 - 응원의 메시지 어떤 감정을 담고 싶으신가요?', '선물 추천을 도와드릴게요. 마지막으로, 선물 예산 범위를 알고 싶어요. 어느 정도의 가격대를 생각하고 계신가요? 예를 들면: - 5만 원 이하 - 5만 원에서 10만 원 사이 - 10만 원 이상 어느 쪽이 가장 적합할까요?', 'REASON: 고급스러운 장지갑으로 친구의 댄디한 스타일을 더욱 돋보이게 하며, 응원의 마음을 전할 수 있는 선물입니다. 실용적인 전기면도기로 친구의 일상에 편리함을 더하며, 응원의 메시지를 전할 수 있는 선물입니다. 세련된 디자인의 볼펜으로 친구의 댄디한 스타일을 완성하며, 응원의 마음을 전할 수 있는 선물입니다. 스타일리시한 숄더백으로 친구의 댄디한 스타일을 더욱 돋보이게 하며, 응원의 메시지를 전할 수 있는 선물입니다.']","당신의 친구에게 응원의 메시지를 전할 수 있는 특별한 선물을 준비했어요. [ { ""BRAND"": ""몽블랑"", ""NAME"": ""[공식] 사토리얼 15cc 장지갑 130320"", ""PRICE"": 410000, ""IMAGE"": ""https://sitem.ssgcdn.com/54/03/78/item/1000531780354_i1_290.jpg"", ""LINK"": ""https://www.ssg.com/item/itemView.ssg?itemId=1000531780354siteNo=6009salestrNo=1023"", ""REASON"": ""고급스러운 장지갑으로 친구의 댄디한 스타일을 더욱 돋보이게 하며, 응원의 마음을 전할 수 있는 선물입니다."" }, { ""BRAND"": ""필립스"", ""NAME"": ""필립스 3000X 시리즈 4방향 플렉스헤드 전기면도기 다크포레스트 그린"", ""PRICE"": 84000, ""IMAGE"": ""https://img1.kakaocdn.net/thumb/C320x320@2x.fwebp.q82/?fname=https3A2F2Fst.kakaocdn.net2Fproduct2Fgift2Fproduct2F20250402091943_03a9e3aebf65490db291858bb2ab51ed.jpg"", ""LINK"": ""https://gift.kakao.com/product/9353140"", ""REASON"": ""실용적인 전기면도기로 친구의 일상에 편리함을 더하며, 응원의 메시지를 전할 수 있는 선물입니다."" }, { ""BRAND"": ""라미"", ""NAME"": ""[각인선물] 라미 볼펜 사파리 딜라이트(3색상)"", ""PRICE"": 31000, ""IMAGE"": ""https://img1.kakaocdn.net/thumb/C320x320@2x.fwebp.q82/?fname=https3A2F2Fst.kakaocdn.net2Fproduct2Fgift2Fproduct2F20250228094145_6f44ae8ecc754a38bac55d60a52b18d0.jpg"", ""LINK"": ""https://gift.kakao.com/product/11249199?banner_id=867campaign_code=null"", ""REASON"": ""세련된 디자인의 볼펜으로 친구의 댄디한 스타일을 완성하며, 응원의 마음을 전할 수 있는 선물입니다."" }, { ""BRAND"": ""아워세이아워"", ""NAME"": ""[선물추천] 아워세이아워 워시드 숄더백 블랙"", ""PRICE"": 69300, ""IMAGE"": ""https://st.kakaocdn.net/commerce_ui/static/common_module/default_fallback_thumbnail.png"", ""LINK"": ""https://gift.kakao.com/product/10832842"", ""REASON"": ""스타일리시한 숄더백으로 친구의 댄디한 스타일을 더욱 돋보이게 하며, 응원의 메시지를 전할 수 있는 선물입니다."" } ]",응원의 메시지를 담아 댄디한 스타일의 30만원 선물로는 프리미엄 셔츠나 고급 구두 바우처가 좋습니다.
15,101,자주 연락하며 마음을 나누는 사이 축하의 의미와 장난 독특하고 개성 있는 스타일 2만원 이하,"['안녕하세요! 선물 추천을 도와드릴게요. 먼저, 선물을 드릴 분과 얼마나 가까운 사이인지 알려주실 수 있을까요? 예를 들어: - 자주 연락하며 마음을 나누는 사이 - 일정한 거리감을 유지하는 사이 - 어색하지만 챙기고 싶은 사이 어떤 느낌에 가까우신가요?', '선물 추천을 위해 몇 가지 더 여쭤볼게요. 이번 선물에 담고 싶은 감정이나 메시지가 있을까요? 예를 들면: - 감사의 마음 - 축하의 의미 - 응원의 메시지 어떤 감정이 가장 잘 어울릴까요?', '선물 추천을 위해 몇 가지 더 여쭤볼게요. 선물 받으실 분이 어떤 스타일을 좋아하실까요? 예를 들면: - 클래식하고 세련된 스타일 - 캐주얼하고 편안한 스타일 - 독특하고 개성 있는 스타일 어떤 스타일이 가장 잘 어울릴까요?', '선물 추천을 위해 마지막으로 여쭤볼게요. 예산 범위를 알려주실 수 있을까요? 예를 들면: - 3만 원 이하 - 5만 원대 - 10만 원 이상 어느 정도를 생각하고 계신가요?', 'REASON: 친구에게 웃음을 선사할 수 있는 재미있는 아이템으로, 장난스러운 반응을 이끌어낼 수 있는 선물입니다. 귀여운 강아지 인형 쿠션으로 친구에게 웃음을 주며, 독특한 스타일을 좋아하는 친구에게 잘 어울리는 선물입니다. 장난스러운 트롤 라이터 케이스로 친구에게 웃음을 선사하며, 개성 있는 스타일을 좋아하는 친구에게 적합한 선물입니다. 귀여운 소고기 키링으로 친구에게 웃음을 주며, 독특하고 개성 있는 스타일을 좋아하는 친구에게 잘 어울리는 선물입니다.']","당신의 친구에게 독특하고 개성 있는 선물로 특별한 축하를 전해보세요! [ { ""BRAND"": ""제이엘 에프앤씨"", ""NAME"": ""엄지척 재미있게 칭찬 아이템 웃긴 인싸템 특이한 재밌는 신박한 생일 선물"", ""PRICE"": 10200, ""IMAGE"": ""https://shop-phinf.pstatic.net/20240116_138/1705382996508OKMUP_JPEG/106518830327422067_443745398.jpg?type=m510"", ""LINK"": ""https://shopping.naver.com/gift/products/9817126786?NaPm=ct3Dma1ytike7Cci3Dshoppingwindow7Ctr3Dgsh7Chk3Da7b342103a957bbcf0094dc6bf0ce34dbd50b2d37Ctrx3D"", ""REASON"": ""친구에게 웃음을 선사할 수 있는 재미있는 아이템으로, 장난스러운 반응을 이끌어낼 수 있는 선물입니다."" }, { ""BRAND"": ""젊은이마켓"", ""NAME"": ""강아지 인형 쿠션 인싸템 쓸데없는 웃긴선물"", ""PRICE"": 9500, ""IMAGE"": ""https://img1.kakaocdn.net/thumb/C320x320@2x.fwebp.q82/?fname=https3A2F2Fst.kakaocdn.net2Fproduct2Fgift2Fproduct2F20240508163533_04b522315ab6418fb073224ac3bacd42.jpg"", ""LINK"": ""https://gift.kakao.com/product/9783449?banner_id=867campaign_code=null"", ""REASON"": ""귀여운 강아지 인형 쿠션으로 친구에게 웃음을 주며, 독특한 스타일을 좋아하는 친구에게 잘 어울리는 선물입니다."" }, { ""BRAND"": ""굴뚝 강아지"", ""NAME"": ""트롤 라이터 케이스 귀여운 친구 쓸데없는 신박한 선물"", ""PRICE"": 8900, ""IMAGE"": ""https://img1.kakaocdn.net/thumb/C320x320@2x.fwebp.q82/?fname=https3A2F2Fst.kakaocdn.net2Fproduct2Fgift2Fproduct2F20211013170630_edfd6a8a4f1a493e8d196bd6e5988665.png"", ""LINK"": ""https://gift.kakao.com/product/2477933?banner_id=867campaign_code=null"", ""REASON"": ""장난스러운 트롤 라이터 케이스로 친구에게 웃음을 선사하며, 개성 있는 스타일을 좋아하는 친구에게 적합한 선물입니다."" }, { ""BRAND"": ""아이데이지"", ""NAME"": ""귀여운 소고기 키링 열쇠고리 가방 고리 웃긴 생일 응원 친구 신박한 만우절 복날 몸보신 킹받는 쓸모없는 어린이날 선물"", ""PRICE"": 4900, ""IMAGE"": ""https://img1.kakaocdn.net/thumb/C320x320@2x.fwebp.q82/?fname=https3A2F2Fst.kakaocdn.net2Fproduct2Fgift2Fproduct2F20250501172254_96689541abf846ef900d1b5307b3036c.jpg"", ""LINK"": ""https://gift.kakao.com/product/10967677?banner_id=867campaign_code=null"", ""REASON"": ""귀여운 소고기 키링으로 친구에게 웃음을 주며, 독특하고 개성 있는 스타일을 좋아하는 친구에게 잘 어울리는 선물입니다."" } ]","장난기 섞인 축하 선물로, 2만원 이하의 유머러스한 티셔츠나 굿즈, 혹은 이색 문구류가 잘 어울립니다."
16,102,친누나 자주 연락하며 마음을 나누는 사이 감사의 마음 심플하고 모던한 스타일 3~4만원대,"['안녕하세요! 선물 추천을 도와드릴게요. 먼저, 선물을 드릴 분과 얼마나 가까운 사이인지 알려주실 수 있을까요? 예를 들어: - 자주 연락하며 마음을 나누는 사이 - 일정한 거리감을 유지하는 사이 - 어색하지만 챙기고 싶은 사이 어떤 느낌에 가까우신가요?', '안녕하세요! 선물 추천을 도와드릴게요. 이번에는 선물을 드릴 때 어떤 감정을 전하고 싶으신지 알려주실 수 있을까요? 예를 들면: - 감사의 마음 - 축하의 기쁨 - 응원의 메시지 어떤 감정이 가장 가까우신가요?', '안녕하세요! 선물 추천을 도와드릴게요. 이번에는 선물을 드릴 분의 선호하는 스타일이 어떤지 알려주실 수 있을까요? 예를 들면: - 심플하고 모던한 스타일 - 화려하고 독특한 스타일 - 클래식하고 우아한 스타일 어떤 스타일이 가장 가까우신가요?', '안녕하세요! 선물 추천을 도와드릴게요. 이번에는 선물의 가격대를 어느 정도로 생각하고 계신지 알려주실 수 있을까요? 예를 들면: - 부담 없는 가격대 - 적당한 가격대 - 특별한 날을 위한 가격대 어떤 가격대가 가장 적합하신가요?']","당신의 감사한 마음을 전할 수 있는 선물을 준비했어요. [ { ""BRAND"": ""르네휘테르"", ""NAME"": ""[단독+포장] 감사의 마음을 담아 포티샤 두피 미스트 세럼 세트(+메시지카드오간자백 증정)"", ""PRICE"": 39000, ""IMAGE"": ""https://img1.kakaocdn.net/thumb/C320x320@2x.fwebp.q82/?fname=https3A2F2Fst.kakaocdn.net2Fproduct2Fgift2Fproduct2F20250421160307_7cd20c8493b44630bec9dc8ad751d800.jpg"", ""LINK"": ""https://gift.kakao.com/product/7931251"", ""REASON"": ""심플하고 모던한 스타일의 두피 미스트 세럼 세트로, 친누나의 건강과 아름다움을 함께 챙길 수 있는 실용적인 선물입니다."" }, { ""BRAND"": "", ""NAME"": ""벽 자석형볼 회전 촛대 충전식 조광 터치 컨트롤 무선 벽걸이 독 3.나무"", ""PRICE"": 32300, ""IMAGE"": ""https://shopping-phinf.pstatic.net/main_8852333/88523336797.jpg"", ""LINK"": ""https://smartstore.naver.com/main/products/10978830754"", ""REASON"": ""모던한 디자인의 무선 벽걸이 조명으로, 친누나의 공간을 더욱 세련되게 만들어 줄 수 있는 인테리어 소품입니다."" }, { ""BRAND"": "", ""NAME"": ""식물 캔들홀더 철제 조명 인테리어 카페 현대적인 튼튼한 스틸 단단한 쇠재질 금속 SG-4DG10-3721"", ""PRICE"": 30590, ""IMAGE"": ""https://shopping-phinf.pstatic.net/main_5522117/55221172085.jpg"", ""LINK"": ""https://link.coupang.com/re/PCSNAVERPCSDP?pageKey=8230668250ctag=8230668250lptag=I24888987651itemId=24888987651vendorItemId=92032573753spec=10305199"", ""REASON"": ""현대적인 디자인의 캔들홀더로, 친누나의 공간에 따뜻한 분위기를 더해줄 수 있는 감성적인 선물입니다."" }, { ""BRAND"": "", ""NAME"": ""스노우마운틴 오일 홀더 무드등 조명 생일 선물 설산 이색 침실 벽 장식 에센셜오일 향"", ""PRICE"": 29700, ""IMAGE"": ""https://shopping-phinf.pstatic.net/main_8720024/87200247686.jpg"", ""LINK"": ""https://smartstore.naver.com/main/products/9655745416"", ""REASON"": ""이색적인 디자인의 무드등으로, 친누나의 침실을 더욱 아늑하고 특별하게 만들어 줄 수 있는 선물입니다."" } ]",자주 연락하는 친누나에게 감사의 마음을 담은 3~4만원대의 고급 보디워시 세트나 모던한 디자인의 다이어리가 적합합니다.
17,103,3만원대 선물 골라줘 자주연락하는사이 축하의기쁨 모던하고 심플 더 실용적인거 추천해줘 다른상품 추천해줘,"['안녕하세요! 선물 추천을 도와드릴게요. 먼저, 선물을 드릴 분과 얼마나 가까운 사이인지 알려주실 수 있을까요? 예를 들어: - 자주 연락하며 마음을 나누는 사이 - 일정한 거리감을 유지하는 사이 - 어색하지만 챙기고 싶은 사이 어떤 느낌에 가까우신가요?', '안녕하세요! 선물 추천을 도와드릴게요. 선물을 드릴 때 어떤 감정을 전하고 싶으신가요? 예를 들면: - 감사의 마음 - 축하의 기쁨 - 응원의 메시지 어떤 감정이 가장 잘 어울릴까요?', '안녕하세요! 선물 추천을 도와드릴게요. 선물을 드릴 분의 스타일은 어떤지 알 수 있을까요? 예를 들면: - 클래식하고 우아한 스타일 - 모던하고 심플한 스타일 - 화려하고 독특한 스타일 어떤 스타일이 가장 잘 어울릴까요?', 'REASON: 모던하고 심플한 디자인의 무선충전기로, 실용적이고 세련된 선물입니다. 작지만 의미 있는 골드바로, 특별한 축하의 마음을 전할 수 있는 선물입니다. 귀여운 디자인의 우양산으로, 실용적이면서도 기분 좋은 선물입니다. 휴대가 간편한 미니면도기로, 실용적이고 편리한 선물입니다.']","당신의 기쁨과 축하의 마음을 전할 수 있는 새로운 선물을 준비했어요. [ { ""BRAND"": ""무아스"", ""NAME"": ""[+선물포장] 충전도 심플하고 깔끔하게! [무아스] 23W 플랫스퀘어 3 in 1 고속 무선충전기 무드등 각도조절"", ""PRICE"": 29800, ""IMAGE"": ""https://img1.kakaocdn.net/thumb/C320x320@2x.fwebp.q82/?fname=https3A2F2Fst.kakaocdn.net2Fproduct2Fgift2Fproduct2F20241220121847_93d510eaaeb94f28868ff8fdab6d376f.jpg"", ""LINK"": ""https://gift.kakao.com/product/7953679?banner_id=867campaign_code=null"", ""REASON"": ""모던하고 심플한 디자인의 무선충전기로, 실용적이고 세련된 선물입니다."" }, { ""BRAND"": ""삼성금거래소"", ""NAME"": ""[삼성금거래소 카카오 단독] 행운 골드바 0.1g"", ""PRICE"": 38000, ""IMAGE"": ""https://img1.kakaocdn.net/thumb/C305x305@2x.q82/?fname=https3A2F2Fst.kakaocdn.net2Fproduct2Fgift2Fproduct2FXtw-r8DGngNg7lUkCdOzEw2FLGg9zYJOEwhJeXFztFWNznSjTqPs5Khspi6P730aabI.jpg"", ""LINK"": ""https://gift.kakao.com/product/10924875"", ""REASON"": ""작지만 의미 있는 골드바로, 특별한 축하의 마음을 전할 수 있는 선물입니다."" }, { ""BRAND"": ""미피(우산)"", ""NAME"": ""[선물추천] \'내 친구 미피\' Miffy 정품 미피손잡이 3단 우양산 (우산 겸 양산) (4종 택1)"", ""PRICE"": 28900, ""IMAGE"": ""https://img1.kakaocdn.net/thumb/C305x305@2x.q82/?fname=https3A2F2Fst.kakaocdn.net2Fproduct2Fgift2Fproduct2FZtMUlQcsNi-wF8BS8i5qCg2Fe26UHwD4bv7SRy5Cj7_G1n1IqfbqhH8A6CSxB-1bT8I.jpg"", ""LINK"": ""https://gift.kakao.com/product/6977674"", ""REASON"": ""귀여운 디자인의 우양산으로, 실용적이면서도 기분 좋은 선물입니다."" }, { ""BRAND"": ""미니면도기"", ""NAME"": ""차량용 Kemei USB 그래피티 AUX 세탁기 Without 클리퍼"", ""PRICE"": 35800, ""IMAGE"": ""https://shopping-phinf.pstatic.net/main_8914324/89143249451.jpg"", ""LINK"": ""https://smartstore.naver.com/main/products/11598739045"", ""REASON"": ""휴대가 간편한 미니면도기로, 실용적이고 편리한 선물입니다."" } ]","축하와 실용성을 고려한 3만원대 선물로는 실용적인 텀블러, 모던한 스마트폰 거치대, 미니 가습기 등이 좋습니다."
18,105,자주 연락하며 마음을 나누는 사이 감사의 마음 캐주얼하고 편안한 스타일 3~4만 원 더 고급스런 상품 추천해줘 더 고급스런 상품 추천해줘 다른상품 추천해줘 다른상품 추천해줘 이걸 추천한 이유를 말해줘 20대 친구 생일 선물 추천해줘 20대 친구 생일 선물 추천해줘 친구 생일 선물 추천해줘 친구 생일 선물 5만원 이상 추천해줘 자주 연락하며 마음을 나누는 사이 다른상품 추천해줘 더 고급스런 상품 추천해줘,"['안녕하세요! 선물 추천을 도와드릴게요. 먼저, 선물을 드릴 분과 얼마나 가까운 사이인지 알려주실 수 있을까요? 예를 들어: - 자주 연락하며 마음을 나누는 사이 - 일정한 거리감을 유지하는 사이 - 어색하지만 챙기고 싶은 사이 어떤 느낌에 가까우신가요?', '선물 추천을 위해 몇 가지 더 여쭤볼게요. 이번 선물에 담고 싶은 감정이나 메시지가 있을까요? 예를 들면: - 감사의 마음 - 축하의 의미 - 응원의 메시지 어떤 감정이 가장 잘 어울릴까요?', '선물 추천을 위해 몇 가지 더 여쭤볼게요. 선물 받으실 분의 스타일을 알고 계신가요? 예를 들면: - 클래식하고 세련된 스타일 - 캐주얼하고 편안한 스타일 - 트렌디하고 독특한 스타일 어떤 스타일이 가장 잘 어울릴까요?', '선물 추천을 위해 마지막으로 여쭤볼게요. 예산 범위를 알고 계신가요? 예를 들면: - 1만 원 이하 - 1만 원에서 5만 원 사이 - 5만 원 이상 어느 정도를 생각하고 계신가요?', '죄송하지만, 현재 입력하신 내용은 선물 추천과 직접적인 관련이 없는 질문입니다. 선물 추천을 원하신다면, 어떤 상황이나 대상에 맞는 선물을 찾고 계신지 구체적으로 말씀해 주시면 감사하겠습니다. 예를 들어, ""30대 남성을 위한 고급스러운 선물 추천해줘""와 같이 입력해 주시면 도움이 됩니다. 어떤 선물을 찾고 계신가요?', '안녕하세요! 선물 추천을 도와드릴게요. 먼저, 선물을 드릴 분과 얼마나 가까운 사이인지 알려주실 수 있을까요? 예를 들어: - 자주 연락하며 마음을 나누는 사이 - 일정한 거리감을 유지하는 사이 - 어색하지만 챙기고 싶은 사이 어떤 느낌에 가까우신가요?']","당신의 친구에게 특별한 생일 선물을 준비했어요. [ { ""BRAND"": ""몽블랑"", ""NAME"": ""[공식] 사토리얼 5cc 카드 지갑 130324"", ""PRICE"": 566400, ""IMAGE"": ""https://sitem.ssgcdn.com/71/22/61/item/1000531612271_i1_290.jpg"", ""LINK"": ""https://www.ssg.com/item/itemView.ssg?itemId=1000531612271siteNo=6009salestrNo=1023"", ""REASON"": ""고급스러운 카드 지갑으로 친구의 스타일을 한층 더 업그레이드할 수 있는 선물입니다."" }, { ""BRAND"": ""샤넬(향수)"", ""NAME"": ""NEW 샹스 오 스플렌디드 오 드 빠르펭 50ml"", ""PRICE"": 206000, ""IMAGE"": ""https://img1.kakaocdn.net/thumb/C320x320@2x.fwebp.q82/?fname=https3A2F2Fst.kakaocdn.net2Fproduct2Fgift2Fproduct2F20250422145714_0fbbb85615cb47c0b4ce119e4a2566a5.jpg"", ""LINK"": ""https://gift.kakao.com/product/11130488"", ""REASON"": ""고급스러운 향수로 친구의 특별한 날을 더욱 빛나게 해줄 수 있는 선물입니다."" }, { ""BRAND"": "", ""NAME"": ""달빛 스피커 신부는 생일선물 선물 결혼 자기부상 고급스러운 블루투스 남자친구"", ""PRICE"": 258700, ""IMAGE"": ""https://shopping-phinf.pstatic.net/main_5487938/54879386484.jpg"", ""LINK"": ""http://unit808.com/shop/goods_view.php?id=1416115285ad_code=naver_shopping"", ""REASON"": ""고급스러운 블루투스 스피커로 친구의 공간을 특별하게 만들어 줄 수 있는 선물입니다."" }, { ""BRAND"": "", ""NAME"": ""생일선물 여자 친구 아내 절친에게 실용적이고 고급스러운 소중 기념일 난궁대 파우더소원토끼연하장부케"", ""PRICE"": 71600, ""IMAGE"": ""https://shopping-phinf.pstatic.net/main_4815676/48156764220.jpg"", ""LINK"": ""https://link.coupang.com/re/PCSNAVERPCSDP?pageKey=7684022906ctag=7684022906lptag=I20530706739itemId=20530706739vendorItemId=87607764351spec=10305199"", ""REASON"": ""특별한 기념일에 어울리는 고급스러운 선물로 친구에게 감동을 줄 수 있습니다."" } ]","감사의 감정을 담고, 편안한 스타일을 선호하는 친구에게 3~4만원대의 트레이닝복이나 감성 디퓨저가 적절합니다."
19,108,어머니 가까운사이 심플한스타일 감사 5만원이하,"['안녕하세요! 선물 추천을 도와드릴게요. 먼저, 어머니와 얼마나 가까운 사이인지 알려주실 수 있을까요? 예를 들어: - 자주 연락하며 마음을 나누는 사이 - 일정한 거리감을 유지하는 사이 - 어색하지만 챙기고 싶은 사이 어떤 느낌에 가까우신가요?', '어머니의 생일을 축하하는 선물을 찾고 계시군요! 어머니께서 어떤 스타일을 선호하시는지 알려주실 수 있을까요? 예를 들면: - 클래식하고 우아한 스타일 - 모던하고 심플한 스타일 - 화려하고 독특한 스타일 어떤 스타일이 어머니께 어울릴까요?', '어머니께 드릴 선물을 고르시는군요! 이번 선물에 담고 싶은 감정이나 메시지가 있으신가요? 예를 들면: - 감사의 마음을 전하고 싶어요 - 사랑과 애정을 표현하고 싶어요 - 특별한 추억을 만들고 싶어요 어떤 감정을 담고 싶으신가요?', '어머니께 드릴 선물을 고르시는군요! 마지막으로, 이번 선물의 가격대를 어느 정도로 생각하고 계신가요? 예를 들면: - 부담 없는 가격대 - 중간 정도의 가격대 - 특별한 날을 위한 가격대 어떤 가격대가 적당할까요?']","어머니께 감사의 마음을 전할 수 있는 선물을 준비했어요. [ { ""BRAND"": ""시/에세이"", ""NAME"": ""[교보문고] 사랑하고 선량하게 잦아드네"", ""PRICE"": 13300, ""IMAGE"": ""https://img1.kakaocdn.net/thumb/C320x320@2x.fwebp.q82/?fname=https3A2F2Fst.kakaocdn.net2Fproduct2Fgift2Fproduct2FSXH2IfpuCrG038xLIeitiw2FJKyLYwW6_om2LeeuTs9lK85ras2XvJQncOA3xkR1OvQ.jpg"", ""LINK"": ""https://gift.kakao.com/product/10775327?banner_id=867campaign_code=null"", ""REASON"": ""어머니께서 심플한 스타일을 좋아하신다면, 따뜻한 감성을 담은 시집이 좋은 선물이 될 거예요."" }, { ""BRAND"": ""모리앤"", ""NAME"": ""감사합니다 사랑합니다 메르씨 카네이션 생화꽃다발과 제이유리화병 세트 어버이날 선물"", ""PRICE"": 26800, ""IMAGE"": ""https://img1.kakaocdn.net/thumb/C320x320@2x.fwebp.q82/?fname=https3A2F2Fst.kakaocdn.net2Fproduct2Fgift2Fproduct2F20240325160857_07703e6ce0c243aea7fd72d64f04779d.jpg"", ""LINK"": ""https://gift.kakao.com/product/9519135?banner_id=867campaign_code=null"", ""REASON"": ""생화 꽃다발과 유리화병 세트로 어머니께 감사의 마음을 전할 수 있는 아름다운 선물입니다."" }, { ""BRAND"": ""오설록"", ""NAME"": ""감사합니다 마음을 담은, 오설록 BSET TEA + 말차 디저트 SET (택1)"", ""PRICE"": 11500, ""IMAGE"": ""https://st.kakaocdn.net/commerce_ui/static/common_module/default_fallback_thumbnail.png"", ""LINK"": ""https://gift.kakao.com/product/532848"", ""REASON"": ""어머니께서 차를 좋아하신다면, 오설록의 차와 디저트 세트로 따뜻한 시간을 선물할 수 있습니다."" }, { ""BRAND"": ""플라워조명"", ""NAME"": ""\'감사의 마음을 담아\' 입체 유리돔 카네이션 무드등 장미꽃 크리스마스 무드등 (건전지포함) 5종 택1 (+감사카드)"", ""PRICE"": 14900, ""IMAGE"": ""https://img1.kakaocdn.net/thumb/C320x320@2x.fwebp.q82/?fname=https3A2F2Fst.kakaocdn.net2Fproduct2Fgift2Fproduct2F20240416143404_773506558fe84ff4ad1c2d8d3159999e.jpg"", ""LINK"": ""https://gift.kakao.com/product/6946671?banner_id=867campaign_code=null"", ""REASON"": ""감사의 마음을 담아 어머니께 따뜻한 분위기를 선물할 수 있는 무드등입니다."" } ]","어머니께 드릴 가까운 사이의 선물로, 5만원 이하의 고급스러운 앞치마 세트나 편안한 파자마가 좋습니다."
20,109,1번 2번 2번 2번 여자 친구 100일 기념일 선물 추천해줘 다른상품 추천해줘 더 고급스런 상품 추천해줘,"['안녕하세요! 선물 추천을 도와드릴게요. 먼저, 선물을 드릴 분과 얼마나 가까운 사이인지 알려주실 수 있을까요? 예를 들어: - 자주 연락하며 마음을 나누는 사이 - 일정한 거리감을 유지하는 사이 - 어색하지만 챙기고 싶은 사이 어떤 느낌에 가까우신가요?', '선물 추천을 위해 몇 가지 더 여쭤볼게요. 이번 선물로 어떤 감정을 전하고 싶으신가요? 예를 들면: - 감사의 마음 - 축하의 기쁨 - 응원의 메시지 어떤 감정이 가장 잘 어울릴까요?', '선물 추천을 위해 몇 가지 더 여쭤볼게요. 선물을 드릴 분의 스타일을 알고 계신가요? 예를 들면: - 심플하고 모던한 스타일 - 화려하고 독특한 스타일 - 클래식하고 우아한 스타일 어떤 스타일이 가장 잘 어울릴까요?', '선물 추천을 위해 마지막으로 하나만 더 여쭤볼게요. 예산 범위를 알고 계신가요? 예를 들면: - 3만 원 이하 - 5만 원 이하 - 10만 원 이하 어느 정도가 적당할까요?', 'REASON: 여자 친구의 피부를 부드럽게 가꿔줄 샤넬의 고급스러운 바디 미스트로, 특별한 날을 더욱 빛나게 해줄 선물입니다. 여자 친구의 머릿결을 윤기 있게 가꿔줄 모로칸오일 트리트먼트로, 헤어 케어에 신경 쓰는 분께 적합한 선물입니다. 여자 친구의 피부를 관리해줄 고급스러운 뷰티 디바이스로, 피부 관리에 관심 있는 분께 적합한 선물입니다. 여자 친구의 향기를 더욱 매력적으로 만들어줄 몽블랑의 향수 세트로, 특별한 날을 기념하기에 적합한 선물입니다.']","여자 친구의 100일 기념일을 더욱 특별하게 만들어줄 고급스러운 선물을 준비했어요! [ { ""BRAND"": ""샤넬(향수)"", ""NAME"": ""코코 마드모아젤 바디 모이스처 미스트 100ml"", ""PRICE"": 69000, ""IMAGE"": ""https://img1.kakaocdn.net/thumb/C320x320@2x.fwebp.q82/?fname=https3A2F2Fst.kakaocdn.net2Fproduct2Fgift2Fproduct2F20250302201941_4f02ac2ff03a4a1b9062b16e4d16d093.jpg"", ""LINK"": ""https://gift.kakao.com/product/2079021"", ""REASON"": ""여자 친구의 피부를 부드럽게 가꿔줄 샤넬의 고급스러운 바디 미스트로, 특별한 날을 더욱 빛나게 해줄 선물입니다."" }, { ""BRAND"": ""모로칸오일"", ""NAME"": ""[단독+선물포장] 모로칸오일 트리트먼트 100ml (+증정 1종)"", ""PRICE"": 64000, ""IMAGE"": ""https://img1.kakaocdn.net/thumb/C320x320@2x.fwebp.q82/?fname=https3A2F2Fst.kakaocdn.net2Fproduct2Fgift2Fproduct2F20250430085352_f9859094a04647ca899337841aad99ae.jpg"", ""LINK"": ""https://gift.kakao.com/product/8109963"", ""REASON"": ""여자 친구의 머릿결을 윤기 있게 가꿔줄 모로칸오일 트리트먼트로, 헤어 케어에 신경 쓰는 분께 적합한 선물입니다."" }, { ""BRAND"": ""뷰앤디"", ""NAME"": ""[현대백화점] [여자친구/생일/친구 선물] 마사지기 얼굴 피부관리기 ems 괄사 뷰티 디바이스 괄사"", ""PRICE"": 89900, ""IMAGE"": ""https://img1.kakaocdn.net/thumb/C320x320@2x.fwebp.q82/?fname=https3A2F2Fst.kakaocdn.net2Fproduct2Fgift2Fproduct2FOPwECGRDycdUbcRBDOeH1g2FTJP_clQP6XH3wdPtnIK6MtaeKayEfnwrCIOVaNtN0Qw.jpg"", ""LINK"": ""https://gift.kakao.com/product/8579557"", ""REASON"": ""여자 친구의 피부를 관리해줄 고급스러운 뷰티 디바이스로, 피부 관리에 관심 있는 분께 적합한 선물입니다."" }, { ""BRAND"": ""몽블랑(뷰티)"", ""NAME"": ""몽블랑 레전드 EDT 100ML 선물세트(향수 100ML+7.5ML+샤워젤 100ML)"", ""PRICE"": 69800, ""IMAGE"": ""https://img1.kakaocdn.net/thumb/C320x320@2x.fwebp.q82/?fname=https3A2F2Fst.kakaocdn.net2Fproduct2Fgift2Fproduct2F20250109150357_9e12d1cc922e4bbbbcd41086850934db.jpg"", ""LINK"": ""https://gift.kakao.com/product/11004885"", ""REASON"": ""여자 친구의 향기를 더욱 매력적으로 만들어줄 몽블랑의 향수 세트로, 특별한 날을 기념하기에 적합한 선물입니다."" } ]","여자 친구의 100일 선물로는 추억이 담긴 커스텀 포토앨범이나 하트 목걸이, 향수 등이 적합합니다."
21,111,5만원대 가까운 친구야 건강한 스타일 영양제 감사의 감정 다른상품 추천해줘 다른상품 추천해줘,"['친구분께 드릴 건강 관련 선물을 고민 중이시군요. 혹시 특별히 염두에 두고 계신 예산 범위가 있을까요?', '친구분과의 친밀도는 어느 정도인가요? 예를 들어, 아주 가까운 친구인지 아니면 가끔씩 만나는 친구인지 궁금합니다.', '친구분께서 특별히 선호하시는 스타일이나 취향이 있을까요? 예를 들어, 스포츠를 좋아하신다거나, 자연 친화적인 제품을 선호하신다거나 하는 것들이요.', '친구분께서 특별히 관심을 가지시는 건강 관련 분야가 있을까요? 예를 들어, 운동, 영양제, 또는 웰빙 제품 같은 것들이요.', '친구분께서 특별히 좋아하시는 브랜드나 제품이 있으신가요?']","진심이 전해질 수 있도록 감성과 실용성을 함께 고려했어요. [ { ""BRAND"": "", ""NAME"": ""메가푸드 미국 남성용 종합비타민 미네랄 30정 2병 2개월분"", ""PRICE"": 52000, ""IMAGE"": ""https://shopping-phinf.pstatic.net/main_8835218/88352182172.jpg"", ""LINK"": ""https://smartstore.naver.com/main/products/10807676182"", ""REASON"": ""감사의 마음을 전할 수 있는 건강한 스타일의 영양제로, 친구의 건강을 챙길 수 있는 선물입니다."" }, { ""BRAND"": "", ""NAME"": ""쏜리서치 멀티 멘스 50+ 180정"", ""PRICE"": 50910, ""IMAGE"": ""https://shopping-phinf.pstatic.net/main_8878403/88784039804.jpg"", ""LINK"": ""https://smartstore.naver.com/main/products/11239529473"", ""REASON"": ""친구의 건강을 위한 멀티비타민으로, 건강한 생활을 지원할 수 있는 선물입니다."" }, { ""BRAND"": ""센트룸"", ""NAME"": ""센트룸 남성용 종합 멀티 비타민 120정 [원산지:미국]"", ""PRICE"": 54500, ""IMAGE"": ""https://shopping-phinf.pstatic.net/main_8914171/89141718401.jpg"", ""LINK"": ""https://smartstore.naver.com/main/products/11597207995"", ""REASON"": ""남성 건강을 위한 종합 멀티비타민으로, 친구의 건강을 세심하게 챙길 수 있는 선물입니다."" }, { ""BRAND"": ""가든오브라이프"", ""NAME"": ""가든오브라이프 비타민 코드 로우 원 멀티비타민 남성용 75캡슐"", ""PRICE"": 55290, ""IMAGE"": ""https://shopping-phinf.pstatic.net/main_8819585/88195856501.jpg"", ""LINK"": ""https://smartstore.naver.com/main/products/10651350603"", ""REASON"": ""친구의 건강을 위한 비타민 코드로, 감사의 마음을 전할 수 있는 선물입니다."" } ]","건강한 스타일의 친구에게 감사의 의미로 영양제나 피트니스 용품, 마사지 건 같은 5만원대 실용 선물이 좋습니다."
22,112,어머니 자연친화적인 스타일 5만원대 감사의 감정 없어요 친한 사이야 추천해줘 다른상품 추천해줘,"['가족 중에서 어떤 분께 드릴 선물인지 알 수 있을까요? 어머니, 시어머니, 장모님, 이모님 등 구체적으로 말씀해 주시면 좋겠습니다.', '어머님께 드릴 건강 관련 선물을 고민 중이시군요. 혹시 어머님께서 특별히 좋아하시거나 선호하시는 스타일이 있을까요? 예를 들어, 자연 친화적인 제품이나 기술적인 기기를 선호하시는지 궁금합니다.', '어머님께 드릴 선물의 예산은 어느 정도로 생각하고 계신가요?', '어머님께 드릴 선물을 준비하시면서 특별히 전하고 싶은 감정이나 메시지가 있으신가요? 예를 들어, 감사의 마음이나 사랑의 표현 등 어떤 감정을 담고 싶으신지 궁금합니다.', '어머님께 드릴 건강 관련 선물로 자연친화적인 스타일을 고려하고 계신데, 혹시 특별히 염두에 두고 계신 제품이나 브랜드가 있으신가요?', '어머님께 드릴 선물로 건강 관련 제품을 고려하고 계신데, 혹시 어머님께서 특별히 관심을 가지시는 건강 분야가 있으신가요? 예를 들어, 영양제, 운동 기구, 또는 힐링 관련 제품 등 어떤 것이든 말씀해 주시면 좋겠습니다.']","수령인: 50대 여성 가족 (어머니), 감사의 마음을 전하고자 함 추천 이유: 자연친화적인 스타일과 건강을 고려한 제품들로, 어머님께 감사의 마음을 전할 수 있는 선물입니다. 선물 꿀팁: 선물 포장에 자연 소재를 활용하거나, 손편지를 함께 넣어 감동을 더해보세요. 다른 분위기의 선물이 궁금하시면 말씀해주세요! 진심이 전해질 수 있도록 감성과 실용성을 함께 고려했어요. [ { ""BRAND"": ""맘마레시피"", ""NAME"": ""[임신출산축하선물] 아이 탄생을 축하하며, 엄마의 건강을 응원하는 맘마레시피 출산응원선물박스"", ""PRICE"": 37500, ""IMAGE"": ""https://img1.kakaocdn.net/thumb/C320x320@2x.fwebp.q82/?fname=https3A2F2Fst.kakaocdn.net2Fproduct2Fgift2Fproduct2F20250508165003_be52095ecbf84df9a4146d65ce4586ef.jpg"", ""LINK"": ""https://gift.kakao.com/product/2266136"", ""REASON"": ""자연친화적인 스타일로 어머님의 건강을 응원하며 감사의 마음을 전할 수 있는 선물입니다."" }, { ""BRAND"": ""네이처드림"", ""NAME"": ""혈행 건강 선물 알티지오메가3 4박스(총 4개월분) / 쇼핑백포함"", ""PRICE"": 28900, ""IMAGE"": ""https://img1.kakaocdn.net/thumb/C305x305@2x.q82/?fname=https3A2F2Fst.kakaocdn.net2Fproduct2Fgift2Fproduct2F20241230155456_1beeffa5b2114b38a4afa84765e252bd.jpg"", ""LINK"": ""https://gift.kakao.com/product/1210306"", ""REASON"": ""혈행 건강을 위한 오메가3로 어머님의 건강을 챙기며 감사의 마음을 전할 수 있는 선물입니다."" }, { ""BRAND"": ""마미케어(디바이스)"", ""NAME"": ""[효도/건강선물] 뭉친 목어깨 베개 마사지기계 승모근 안마 마사지기"", ""PRICE"": 59000, ""IMAGE"": ""https://img1.kakaocdn.net/thumb/C320x320@2x.fwebp.q82/?fname=https3A2F2Fst.kakaocdn.net2Fproduct2Fgift2Fproduct2F20250218104431_9bea33d443194df39dad12db0a1786df.jpg"", ""LINK"": ""https://gift.kakao.com/product/11019349"", ""REASON"": ""어머님의 피로를 풀어드리며 감사의 마음을 전할 수 있는 실용적인 선물입니다."" }, { ""BRAND"": ""휴족시간"", ""NAME"": ""환절기 필수 온감테라피 목마스크 5매 X 2개 / 감기에 좋은"", ""PRICE"": 12900, ""IMAGE"": ""https://img1.kakaocdn.net/thumb/C320x320@2x.fwebp.q82/?fname=https3A2F2Fst.kakaocdn.net2Fproduct2Fgift2Fproduct2F20200403215743_3a69e2db7a08456486f6604a0b595517"", ""LINK"": ""https://gift.kakao.com/product/741744?banner_id=867campaign_code=null"", ""REASON"": ""환절기에 어머님의 건강을 챙기며 감사의 마음을 전할 수 있는 따뜻한 선물입니다."" } ]",자연친화적인 스타일의 어머니에게는 유기농 스킨케어 세트나 자연 원목으로 만든 주방용품처럼 5만원대의 실용 선물이 좋습니다.
